2,大类编码,大类名称,中类编码,中类名称,小类编码,小类名称,销售日期,销售月份,商品编码,规格型号,商品类型,单位,销售数量,销售金额,商品单价,是否促销
0,12,蔬果,1201,蔬菜,120109,其它蔬菜,20150101,201501,DW-1201090311, ,生鲜,个,8,4,2,否
1,20,粮油,2014,酱菜类,201401,榨菜,20150101,201501,DW-2014010019,60g,一般商品,袋,6,3,0.5,否
2,15,日配,1505,冷藏乳品,150502,冷藏加味酸乳,20150101,201501,DW-1505020011,150g,一般商品,袋,1,2.4,2.4,否
3,15,日配,1503,冷藏料理,150305,冷藏面食类,20150101,201501,DW-1503050035,500g,一般商品,袋,1,6.5,8.3,否
4,15,日配,1505,冷藏乳品,150502,冷藏加味酸乳,20150101,201501,DW-1505020020,100g*8,一般商品,袋,1,11.9,11.9,否
5,30,洗化,3018,卫生巾,301802,夜用卫生巾,20150101,201501,DW-3018020109,10片,一般商品,包,1,8.9,8.9,否
6,12,蔬果,1201,蔬菜,120104,花果,20150101,201501,DW-1201040022,散称,生鲜,千克,0.964,8.07,5.6,否
7,20,粮油,2001,袋装速食面,200101,牛肉口味,20150101,201501,DW-2001010062,120g,一般商品,袋,1,2.5,3,否
8,13,熟食,1308,现制中式面点,130803,现制烙类,20150101,201501,DW-1308030035,个,生鲜,个,2,2,1,否
9,22,休闲,2203,膨化点心,220302,袋装薯片,20150101,201501,DW-2203020029,45g,一般商品,袋,1,4,4,否
10,22,休闲,2201,饼干,220111,趣味/休闲,20150101,201501,DW-2201110227,60g,一般商品,盒,1,6.5,6.7,否
11,12,蔬果,1201,蔬菜,120104,花果,20150101,201501,DW-1201040016,散称,生鲜,千克,0.784,1.25,1.6,否
11,12,蔬果,1201,蔬菜,120104,花果,20150101,201501,DW-1201040035,散称,生鲜,千克,0.401,3.85,9.6,否
12,15,日配,1521,蛋类,152101,新鲜蛋品,20150101,201501,DW-1521010005,散称,一般商品,千克,0.744,5.04,6.78,否
13,13,熟食,1301,凉拌熟食,130101,凉拌素食,20150101,201501,DW-1301010076,散称,联营商品,kg,0.282,5.64,20,否
14,20,粮油,2011,液体调料,201111,料酒,20150101,201501,DW-2011110019,500mL,一般商品,瓶,1,5.5,5.5,否
15,10,肉禽,1004,鸡产品,100404,调味鸡肉,20150101,201501,DW-1004040019,散称,生鲜,Kg,0.64,12.54,19.6,否
16,31,家居,3119,卫浴用品,311902,浴球和浴花,20150101,201501,DW-3119020077,202,一般商品,只,1,3,3,否
7,34,针织,3412,毯子,341206,双人电热毯,20150101,201501,DW-3412060037,150*120,一般商品,条,1,79,90,是
17,22,休闲,2201,饼干,220110,简装/压缩,20150101,201501,DW-2201100015,散称,一般商品,KG,0.198,2.7,19.8,是
17,22,休闲,2206,即食熟制品,220607,豆干类,20150101,201501,DW-2206070072,散称,一般商品,千克,0.228,13.45,59,否
18,20,粮油,2013,调味酱,201302,辣酱,20150101,201501,DW-2013020105,280g,一般商品,瓶,1,7.9,7.9,否
19,15,日配,1518,常温乳品,151805,利乐枕纯奶,20150101,201501,DW-1518050007,240ml,一般商品,袋,16,33.9,2.7,是
19,20,粮油,2011,液体调料,201102,生抽酱油,20150101,201501,DW-2011020021,500ml,一般商品,瓶,1,7.9,7.9,否
19,30,洗化,3008,洗护发用品,300801,洗发水,20150101,201501,DW-3008010289,200ml,一般商品,瓶,1,9.5,9.5,否
2,12,蔬果,1201,蔬菜,120104,花果,20150101,201501,DW-1201040010,散称,生鲜,千克,0.708,1.83,2.58,否
2,12,蔬果,1201,蔬菜,120104,花果,20150101,201501,DW-1201040036,散称,生鲜,千克,0.636,1.14,1.8,否
20,20,粮油,2007,南北干货,200701,木耳,20150101,201501,DW-2007010021,散称,一般商品,kg,0.132,8.28,89.8,是
2,12,蔬果,1203,水果,120303,梨类,20150101,201501,DW-1203030177,散称,生鲜,KG,1.922,6.11,3.18,否
21,12,蔬果,1201,蔬菜,120102,根茎,20150101,201501,DW-1201020025,散称,生鲜,千克,0.656,1.68,2.56,否
16,30,洗化,3008,洗护发用品,300802,润发护发,20150101,201501,DW-3008020423,400ml,一般商品,瓶,1,37.9,37.9,否
22,14,烘焙,1403,现制西式糕点,140301,现制西式糕点,20150101,201501,DW-1403010085,散称,生鲜,千克,0.384,6.14,16,否
18,12,蔬果,1201,蔬菜,120102,根茎,20150101,201501,DW-1201020029,散称,生鲜,千克,0.988,3.91,3.96,否
19,30,洗化,3010,婴幼儿用品,301004,婴幼儿护肤用品,20150101,201501,DW-3010040031,25g,一般商品,袋,1,1.5,1.5,否
23,20,粮油,2002,袋装速食面组,200202,猪肉口味,20150101,201501,DW-2002020017,119g*5,一般商品,组,1,10.9,14.7,是
24,13,熟食,1308,现制中式面点,130803,现制烙类,20150101,201501,DW-1308030035,个,生鲜,个,2,2,1,否
5,30,洗化,3018,卫生巾,301802,夜用卫生巾,20150101,201501,DW-3018020117,4片,一般商品,包,1,4.7,4.7,否
25,20,粮油,2006,五谷杂粮,200603,常规面粉,20150101,201501,DW-2006030007,5Kg,一般商品,袋,1,33.9,33.9,否
25,20,粮油,2006,五谷杂粮,200608,杂粮粉,20150101,201501,DW-2006080036,散称,一般商品,公斤,1.006,4.61,4.58,否
26,31,家居,3117,厨房清洁,311704,抹布,20150101,201501,DW-3117040018,1片装,一般商品,袋,1,9.9,9.9,否
11,13,熟食,1302,卤制熟食,130201,卤制畜类,20150101,201501,DW-1302010084,散称,联营商品,kg,0.258,20.64,80,否
27,31,家居,3119,卫浴用品,311907,梳子/镜子,20150101,201501,DW-3119070145,QM-3037,一般商品,个,1,15,15,否
5,30,洗化,3018,卫生巾,301802,夜用卫生巾,20150101,201501,DW-3018020125,4片,一般商品,包,1,7.5,8.7,是
28,30,洗化,3018,卫生巾,301802,夜用卫生巾,20150101,201501,DW-3018020127,8片,一般商品,包,1,9.9,9.9,否
29,22,休闲,2209,巧克力,220901,威化巧克力,20150101,201501,DW-2209010044,20g,一般商品,盒,1,8.5,8.5,否
24,20,粮油,2011,液体调料,201111,料酒,20150101,201501,DW-2011110020,350ml,一般商品,袋,1,1.1,1.1,否
30,22,休闲,2209,巧克力,220906,果仁巧克力,20150101,201501,DW-2209060042,243g,一般商品,碗,1,28.3,39.8,是
31,10,肉禽,1001,猪肉,100104,猪骨,20150101,201501,DW-1001040132,散称,生鲜,千克,0.356,12.46,35,否
20,10,肉禽,1001,猪肉,100101,鲜猪肉,20150101,201501,DW-1001010194,散称,生鲜,千克,0.342,10.19,29.8,否
32,30,洗化,3007,洗浴用品,300701,香皂,20150101,201501,DW-3007010253,115g,一般商品,块,1,3.9,4.7,是
32,30,洗化,3008,洗护发用品,300801,洗发水,20150101,201501,DW-3008010512,500ml,一般商品,瓶,1,46.9,46.9,否
33,15,日配,1518,常温乳品,151805,利乐枕纯奶,20150101,201501,DW-1518050001,240ml,一般商品,袋,16,43.2,2.7,否
33,21,冲调,2105,冲调食品,210503,芝麻糊,20150101,201501,DW-2105030026,560g,一般商品,袋,1,22.7,22.7,否
34,33,文体,3319,笔类,331901,圆珠笔,20150101,201501,DW-3319010115, ,一般商品,支,1,2.3,2.3,否
35,12,蔬果,1201,蔬菜,120104,花果,20150101,201501,DW-1201040010,散称,生鲜,千克,0.612,1.58,2.58,否
35,22,休闲,2201,饼干,220102,夹心,20150101,201501,DW-2201020008,80g,一般商品,袋,1,4.5,4.5,否
31,12,蔬果,1201,蔬菜,120106,菌菇类,20150101,201501,DW-1201060006, ,生鲜,盒,1,5.8,5.8,否
20,12,蔬果,1203,水果,120303,梨类,20150101,201501,DW-1203030161,散称,生鲜,KG,0.92,14.68,15.96,否
36,20,粮油,2006,五谷杂粮,200603,常规面粉,20150101,201501,DW-2006030214,5kg,一般商品,袋,1,21.9,21.9,否
22,20,粮油,2007,南北干货,200705,桂圆,20150101,201501,DW-2007050037,散称,一般商品,kg,0.292,5.78,19.8,否
18,12,蔬果,1201,蔬菜,120102,根茎,20150101,201501,DW-1201020025,散称,生鲜,千克,1.146,2.93,2.56,否
37,12,蔬果,1203,水果,120302,苹果类,20150101,201501,DW-1203020172,散称,生鲜,KG,0.858,10.28,11.98,否
38,12,蔬果,1203,水果,120309,进口水果,20150101,201501,DW-1203090216,散称,生鲜,KG,0.266,4.23,15.9,否
12,20,粮油,2007,南北干货,200706,红枣,20150101,201501,DW-2007060065,散称,一般商品,kg,0.366,7.23,37.8,是
39,12,蔬果,1201,蔬菜,120104,花果,20150101,201501,DW-1201040036,散称,生鲜,千克,0.786,1.41,1.8,否
40,15,日配,1505,冷藏乳品,150506,冷藏原味鲜乳,20150101,201501,DW-1505060016,100g*8,一般商品,盒,1,7.9,12.8,是
19,22,休闲,2207,糖果,220701,硬糖,20150101,201501,DW-2207010002,120g,一般商品,袋,1,4,4,否
41,12,蔬果,1201,蔬菜,120101,叶菜,20150101,201501,DW-1201010021,散称,生鲜,千克,0.796,5.22,6.56,否
42,15,日配,1505,冷藏乳品,150502,冷藏加味酸乳,20150101,201501,DW-1505020020,100g*8,一般商品,袋,1,11.9,11.9,否
12,13,熟食,1308,现制中式面点,130801,现制蒸类,20150101,201501,DW-1308010191,散称,生鲜,千克,0.53,3.18,6,否
31,30,洗化,3016,纸制品,301606,手帕纸,20150101,201501,DW-3016060149,10包,一般商品,提,1,3,3,否
43,30,洗化,3011,保养用品,301106,手足保养品,20150101,201501,DW-3011060119,50g,一般商品,支,1,10.9,10.9,否
24,12,蔬果,1202,加工豆类,120201,豆腐,20150101,201501,DW-1202018073,散称,生鲜,千克,0.447,1.32,2.96,否
21,12,蔬果,1201,蔬菜,120102,根茎,20150101,201501,DW-1201020362,散称,生鲜,千克,0.22,0.88,3.98,否
37,12,蔬果,1203,水果,120307,蕉类,20150101,201501,DW-1203070022,散称,生鲜,KG,0.641,3.82,5.96,否
39,20,粮油,2009,盐/糖,200902,功能盐,20150101,201501,DW-2009020015,400g,一般商品,袋,1,2.8,2.8,否
44,20,粮油,2001,袋装速食面,200105,干脆面,20150101,201501,DW-2001050024,25g,一般商品,袋,1,0.5,0.5,否
31,12,蔬果,1202,加工豆类,120201,豆腐,20150101,201501,DW-1202018267,块,生鲜,块,1,1.5,1.5,否
31,15,日配,1515,冷冻火锅类,151503,火锅丸类,20150101,201501,DW-1515030007,散称,一般商品,千克,0.544,14,32.6,是
14,22,休闲,2205,炒货,220502,带壳花生,20150101,201501,DW-2205020048,散称,一般商品,kg,0.27,3.19,11.8,否
45,12,蔬果,1201,蔬菜,120104,花果,20150101,201501,DW-1201040051,散称,生鲜,千克,0.208,1.66,7.96,否
7,12,蔬果,1201,蔬菜,120101,叶菜,20150101,201501,DW-1201010001,散称,生鲜,千克,0.12,0.67,5.56,否
22,22,休闲,2204,蜜饯,220401,葡萄干,20150101,201501,DW-2204010036,散装,一般商品,KG,0.928,31.37,33.8,否
21,11,水产,1101,冰鲜水产,110107,贝蛤类,20150101,201501,DW-1101070015,散称,生鲜,kg,0.5,15,30,否
46,12,蔬果,1203,水果,120301,柑桔柚类,20150101,201501,DW-1203010290,散称,生鲜,KG,2.018,4.04,2,否
38,12,蔬果,1203,水果,120301,柑桔柚类,20150101,201501,DW-1203010227,散称,生鲜,KG,0.366,2.92,7.98,否
2,12,蔬果,1203,水果,120309,进口水果,20150101,201501,DW-1203090216,散称,生鲜,KG,0.278,4.42,15.9,否
11,13,熟食,1302,卤制熟食,130201,卤制畜类,20150101,201501,DW-1302010083,散称,联营商品,kg,0.178,7.12,40,否
34,12,蔬果,1201,蔬菜,120101,叶菜,20150101,201501,DW-1201010025,散称,生鲜,千克,0.706,2.8,3.96,否
34,33,文体,3321,学生用品,332102,修正液/带,20150101,201501,DW-3321020068,7250,一般商品,卡,1,3.3,3.3,否
47,12,蔬果,1203,水果,120301,柑桔柚类,20150101,201501,DW-1203010292,散称,生鲜,KG,0.286,2.86,10,否
17,12,蔬果,1201,蔬菜,120102,根茎,20150101,201501,DW-1201020017,散称,生鲜,千克,0.622,1.7,2.56,否
17,15,日配,1518,常温乳品,151806,利乐枕加味奶,20150101,201501,DW-1518060019,230ml,一般商品,袋,3,8.4,2.8,否
48,12,蔬果,1201,蔬菜,120105,鲜调味,20150101,201501,DW-1201050012,散称,生鲜,千克,0.064,0.23,3.56,否
44,20,粮油,2001,袋装速食面,200105,干脆面,20150101,201501,DW-2001050005,26g,一般商品,袋,1,0.5,0.5,否
31,12,蔬果,1205,其它加工,120501,咸菜干货,20150101,201501,DW-1205010005,散称,生鲜,kg,0.072,0.14,2,否
4,12,蔬果,1201,蔬菜,120104,花果,20150101,201501,DW-1201040026,散称,生鲜,千克,0.686,1.36,1.98,否
7,20,粮油,2001,袋装速食面,200102,猪肉口味,20150101,201501,DW-2001020021,82.6g,一般商品,袋,1,3,3,否
35,20,粮油,2013,调味酱,201301,番茄酱,20150101,201501,DW-2013010014,340g,一般商品,瓶,1,6.7,6.7,否
10,15,日配,1505,冷藏乳品,150503,冷藏果粒酸乳,20150101,201501,DW-1505030022,260g,一般商品,盒,1,5.9,8.9,是
26,21,冲调,2105,冲调食品,210501,麦片/粉,20150101,201501,DW-2105010143,700g,一般商品,袋,1,27.7,27.7,否
31,30,洗化,3006,洗衣用品,300604,洗衣皂,20150101,201501,DW-3006040014,226g,一般商品,块,1,4.9,4.9,否
31,30,洗化,3016,纸制品,301608,软抽纸巾,20150101,201501,DW-3016080114,200抽*3,一般商品,提,1,6.9,9.7,是
49,12,蔬果,1201,蔬菜,120104,花果,20150101,201501,DW-1201040027,散称,生鲜,千克,0.902,8.98,9.96,否
8,15,日配,1518,常温乳品,151801,利乐砖纯奶,20150101,201501,DW-1518010020,250ml*12,一般商品,提,1,49,65,是
15,31,家居,3118,打扫用品,311809,胶棉拖把,20150101,201501,DW-3118090006,MOJ-A,一般商品,把,1,70,70,否
50,22,休闲,2207,糖果,220703,软糖,20150101,201501,DW-2207030051,105g,一般商品,袋,1,10.9,10.9,否
1,12,蔬果,1201,蔬菜,120103,芽菜,20150101,201501,DW-1201030002,散称,生鲜,千克,0.456,1.27,2.78,否
51,30,洗化,3018,卫生巾,301802,夜用卫生巾,20150101,201501,DW-3018020108,8片,一般商品,包,1,8.9,8.9,否
51,30,洗化,3018,卫生巾,301804,卫生护垫,20150101,201501,DW-3018040094,12+2,一般商品,包,1,11.9,11.9,否
45,12,蔬果,1201,蔬菜,120105,鲜调味,20150101,201501,DW-1201050255,散称,生鲜,千克,0.24,2.3,9.6,否
7,20,粮油,2002,袋装速食面组,200201,牛肉口味,20150101,201501,DW-2002010013,125g*5,一般商品,组,1,17.3,17.3,否
22,30,洗化,3016,纸制品,301603,无芯纸,20150101,201501,DW-3016030118,200抽,一般商品,提,1,18.9,24.9,是
9,22,休闲,2201,饼干,220111,趣味/休闲,20150101,201501,DW-2201110105,45g,一般商品,盒,1,6.9,6.9,否
46,12,蔬果,1203,水果,120302,苹果类,20150101,201501,DW-1203020212,散称,生鲜,KG,1.776,8.84,4.98,否
10,22,休闲,2202,糕点,220201,派,20150101,201501,DW-2202010025,198g,一般商品,盒,1,9.7,9.7,否
10,30,洗化,3006,洗衣用品,300602,洗衣液,20150101,201501,DW-3006020294,2kg,一般商品,桶,1,24.9,24.9,否
11,12,蔬果,1201,蔬菜,120104,花果,20150101,201501,DW-1201040042,散称,生鲜,千克,0.496,3.87,7.8,否
24,20,粮油,2013,调味酱,201306,甜面/豆瓣酱,20150101,201501,DW-2013060013,400g,一般商品,袋,1,3.7,3.7,否
41,22,休闲,2208,口香糖,220802,有糖口香糖,20150101,201501,DW-2208020030,56g,一般商品,瓶,1,10.9,10.9,否
43,30,洗化,3013,口腔卫生用品,301301,成人牙膏,20150101,201501,DW-3013010153,120g,一般商品,支,1,10.9,10.9,否
37,23,酒饮,2307,乳饮料,230705,乳酸菌饮料,20150101,201501,DW-2307050018,100ml*5,一般商品,板,1,4,5.5,是
39,12,蔬果,1203,水果,120307,蕉类,20150101,201501,DW-1203070022,散称,生鲜,KG,0.871,5.19,5.96,否
42,12,蔬果,1201,蔬菜,120104,花果,20150101,201501,DW-1201040010,散称,生鲜,千克,0.294,0.76,2.58,否
42,15,日配,1505,冷藏乳品,150505,冷藏营养酸乳,20150101,201501,DW-1505050003,100g*8,一般商品,袋,1,9.9,9.9,否
8,15,日配,1518,常温乳品,151803,利乐砖营养奶,20150101,201501,DW-1518030029,250ml*12,一般商品,箱,1,62,62,否
29,30,洗化,3018,卫生巾,301802,夜用卫生巾,20150101,201501,DW-3018020114,10片,一般商品,包,1,4.5,4.5,否
33,21,冲调,2101,奶粉,210111,中老年奶粉,20150101,201501,DW-2101110009,400g,一般商品,袋,1,36.5,36.5,否
50,32,家电,3227,电池配件,322701,干电池,20150101,201501,DW-3227010114,7号,一般商品,卡,4,18,4.5,否
38,12,蔬果,1203,水果,120302,苹果类,20150101,201501,DW-1203020164,散称,生鲜,KG,0.698,12.42,17.8,否
38,12,蔬果,1203,水果,120302,苹果类,20150101,201501,DW-1203020166,散称,生鲜,KG,0.752,10.51,17.8,否
34,20,粮油,2005,煮食面/粉,200505,鸡蛋挂面,20150101,201501,DW-2005050018,800g,一般商品,把,1,3.9,5.9,是
45,23,酒饮,2307,乳饮料,230703,纯味酸乳饮,20150101,201501,DW-2307030002,245ml,一般商品,听,1,4.9,4.9,否
9,22,休闲,2206,即食熟制品,220601,牛肉干,20150101,201501,DW-2206010154,68g,一般商品,袋,1,12.5,12.5,否
46,12,蔬果,1203,水果,120309,进口水果,20150101,201501,DW-1203090210,散称,生鲜,KG,1.353,23.81,17.6,否
10,15,日配,1521,蛋类,152101,新鲜蛋品,20150101,201501,DW-1521010001,散称,一般商品,千克,2.214,43.84,19.8,否
10,30,洗化,3018,卫生巾,301801,日用卫生巾,20150101,201501,DW-3018010157,10片,一般商品,包,1,3.9,3.9,否
52,22,休闲,2204,蜜饯,220403,梅,20150101,201501,DW-2204030071,75g,一般商品,袋,1,5.5,5.5,否
11,12,蔬果,1201,蔬菜,120102,根茎,20150101,201501,DW-1201020043,散称,生鲜,千克,0.804,1.45,1.8,否
24,20,粮油,2011,液体调料,201102,生抽酱油,20150101,201501,DW-2011020020,380mL,一般商品,袋,1,1.3,1.3,否
31,12,蔬果,1201,蔬菜,120106,菌菇类,20150101,201501,DW-1201060002,散称,生鲜,千克,0.224,4.03,18,否
37,22,休闲,2206,即食熟制品,220699,其他即食熟制品,20150101,201501,DW-2206990120,100g,一般商品,包,1,2.7,2.7,否
53,12,蔬果,1203,水果,120303,梨类,20150101,201501,DW-1203030161,散称,生鲜,KG,1.6,25.54,15.96,否
33,21,冲调,2105,冲调食品,210501,麦片/粉,20150101,201501,DW-2105010032,700g,一般商品,袋,1,30.7,30.7,否
33,22,休闲,2201,饼干,220101,苏打,20150101,201501,DW-2201010018,125g,一般商品,袋,1,5.7,5.7,否
33,22,休闲,2201,饼干,220102,夹心,20150101,201501,DW-2201020127,125g,一般商品,袋,1,5.7,5.7,否
2,12,蔬果,1201,蔬菜,120105,鲜调味,20150101,201501,DW-1201050004,散称,生鲜,千克,0.299,1.79,5.98,否
51,22,休闲,2203,膨化点心,220302,袋装薯片,20150101,201501,DW-2203020275,60g,一般商品,袋,1,3.9,3.9,否
34,20,粮油,2008,调味料,200808,包装汤料,20150101,201501,DW-2008080003,32g*2,一般商品,盒,1,4.9,4.9,否
54,20,粮油,2007,南北干货,200706,红枣,20150101,201501,DW-2007060065,散称,一般商品,kg,0.306,6.05,37.8,是
55,30,洗化,3016,纸制品,301603,无芯纸,20150101,201501,DW-3016030050,40±2张,一般商品,包,1,1.7,1.7,否
22,22,休闲,2205,炒货,220513,香瓜子,20150101,201501,DW-2205130089,散装,一般商品,KG,0.344,4.06,13.8,是
56,22,休闲,2201,饼干,220103,威化,20150101,201501,DW-2201030016,200g,一般商品,袋,1,8.7,8.7,否
9,15,日配,1505,冷藏乳品,150503,冷藏果粒酸乳,20150101,201501,DW-1505030009,450g,一般商品,盒,1,11.8,11.8,否
9,22,休闲,2206,即食熟制品,220601,牛肉干,20150101,201501,DW-2206010023,60g,一般商品,袋,1,10.9,10.9,否
41,12,蔬果,1201,蔬菜,120106,菌菇类,20150101,201501,DW-1201060010,散称,生鲜,千克,0.444,4,9,否
57,15,日配,1505,冷藏乳品,150503,冷藏果粒酸乳,20150101,201501,DW-1505030008,450g,一般商品,盒,1,11.8,11.8,否
57,22,休闲,2201,饼干,220102,夹心,20150101,201501,DW-2201020167,104g,一般商品,盒,1,6.9,6.9,否
5,30,洗化,3018,卫生巾,301802,夜用卫生巾,20150101,201501,DW-3018020126,4+1片,一般商品,包,1,7.9,7.9,否
32,20,粮油,2011,液体调料,201104,其他酱油,20150101,201501,DW-2011040017,500ml,一般商品,瓶,1,9.9,12.9,是
44,12,蔬果,1201,蔬菜,120102,根茎,20150101,201501,DW-1201020013,散称,生鲜,千克,0.452,1.81,4,否
31,20,粮油,2013,调味酱,201303,火锅底料,20150101,201501,DW-2013030024,160g,一般商品,杯,1,3.9,3.9,否
21,12,蔬果,1201,蔬菜,120101,叶菜,20150101,201501,DW-1201010029,散称,生鲜,千克,0.328,0.84,2.56,否
21,12,蔬果,1201,蔬菜,120102,根茎,20150101,201501,DW-1201020029,散称,生鲜,千克,0.614,2.43,3.96,否
58,12,蔬果,1201,蔬菜,120109,其它蔬菜,20150101,201501,DW-1201090311, ,生鲜,个,4,8,2,否
0,12,蔬果,1201,蔬菜,120104,花果,20150101,201501,DW-1201040026,散称,生鲜,千克,0.83,1.64,1.98,否
15,12,蔬果,1201,蔬菜,120104,花果,20150101,201501,DW-1201040010,散称,生鲜,千克,0.457,1.18,2.58,否
50,32,家电,3227,电池配件,322701,干电池,20150101,201501,DW-3227010116,5号,一般商品,卡,1,13,13,否
2,12,蔬果,1203,水果,120306,桃/李类,20150101,201501,DW-1203060094,散称,生鲜,KG,0.462,4.6,9.96,否
42,15,日配,1521,蛋类,152101,新鲜蛋品,20150101,201501,DW-1521010005,散称,一般商品,千克,0.75,5.09,6.78,否
51,22,休闲,2209,巧克力,220902,夹心巧克力,20150101,201501,DW-2209020003,80g,一般商品,袋,1,5.3,5.3,否
51,30,洗化,3018,卫生巾,301802,夜用卫生巾,20150101,201501,DW-3018020104,10片,一般商品,包,1,7.9,9.9,是
6,12,蔬果,1201,蔬菜,120104,花果,20150101,201501,DW-1201040010,散称,生鲜,千克,0.47,1.21,2.58,否
1,20,粮油,2007,南北干货,200709,粉丝/条,20150101,201501,DW-2007090052,275g,一般商品,袋,1,5.7,5.7,否
57,22,休闲,2201,饼干,220102,夹心,20150101,201501,DW-2201020165,104g,一般商品,盒,1,6.9,6.9,否
8,12,蔬果,1203,水果,120303,梨类,20150101,201501,DW-1203030177,散称,生鲜,KG,1.352,4.3,3.18,否
57,30,洗化,3016,纸制品,301603,无芯纸,20150101,201501,DW-3016030118,200抽,一般商品,提,1,18.9,24.9,是
8,13,熟食,1308,现制中式面点,130801,现制蒸类,20150101,201501,DW-1308010192,个,生鲜,个,4,2,0.5,否
0,13,熟食,1308,现制中式面点,130801,现制蒸类,20150101,201501,DW-1308010192,个,生鲜,个,4,2,0.5,否
28,23,酒饮,2306,运动机能饮料,230604,健康机能饮料,20150101,201501,DW-2306040025,500ml,一般商品,瓶,1,4,4,否
0,12,蔬果,1201,蔬菜,120104,花果,20150101,201501,DW-1201040031,散称,生鲜,千克,1.078,3.41,3.16,否
3,12,蔬果,1203,水果,120302,苹果类,20150101,201501,DW-1203020212,散称,生鲜,KG,1.244,15.1,4.98,否
14,20,粮油,2009,盐/糖,200904,白砂糖,20150101,201501,DW-2009040011,454g,一般商品,袋,1,9.5,9.5,否
4,15,日配,1521,蛋类,152101,新鲜蛋品,20150101,201501,DW-1521010005,散称,一般商品,千克,0.862,5.84,6.78,否
4,23,酒饮,2307,乳饮料,230703,纯味酸乳饮,20150101,201501,DW-2307030003,125ml,一般商品,盒,4,8.8,2.2,否
35,20,粮油,2008,调味料,200807,调理粉,20150101,201501,DW-2008070058,260g,一般商品,袋,1,2.7,2.7,否
18,20,粮油,2007,南北干货,200701,木耳,20150101,201501,DW-2007010021,散称,一般商品,kg,0.282,17.7,89.8,是
33,21,冲调,2101,奶粉,210107,全脂奶粉,20150101,201501,DW-2101070015,300g,一般商品,袋,1,19.9,19.9,否
33,21,冲调,2101,奶粉,210111,中老年奶粉,20150101,201501,DW-2101110007,400g,一般商品,袋,1,32,32,否
15,13,熟食,1301,凉拌熟食,130101,凉拌素食,20150101,201501,DW-1301010076,散称,联营商品,kg,0.001,0.02,20,否
10,12,蔬果,1201,蔬菜,120105,鲜调味,20150101,201501,DW-1201050011,散称,生鲜,千克,0.573,3.76,6.56,否
52,20,粮油,2007,南北干货,200706,红枣,20150101,201501,DW-2007060065,散称,一般商品,kg,0.308,6.09,37.8,是
41,12,蔬果,1201,蔬菜,120101,叶菜,20150101,201501,DW-1201010005,散称,生鲜,千克,0.58,3.36,5.8,否
47,15,日配,1521,蛋类,152101,新鲜蛋品,20150101,201501,DW-1521010001,散称,一般商品,千克,1.084,21.46,19.8,否
30,12,蔬果,1203,水果,120301,柑桔柚类,20150101,201501,DW-1203010221,散称,生鲜,KG,0.608,9.72,15.98,否
31,20,粮油,2013,调味酱,201306,甜面/豆瓣酱,20150101,201501,DW-2013060014,180g,一般商品,袋,1,2,2,否
1,12,蔬果,1201,蔬菜,120101,叶菜,20150101,201501,DW-1201010023,散称,生鲜,千克,0.91,2.33,2.56,否
47,12,蔬果,1201,蔬菜,120101,叶菜,20150101,201501,DW-1201010029,散称,生鲜,千克,0.416,1.06,2.56,否
59,20,粮油,2007,南北干货,200709,粉丝/条,20150101,201501,DW-2007090045,散称,一般商品,kg,0.534,3.63,6.8,否
60,20,粮油,2008,调味料,200805,香辛粉,20150101,201501,DW-2008050066,40g,一般商品,袋,1,3.9,3.9,否
15,15,日配,1521,蛋类,152101,新鲜蛋品,20150101,201501,DW-1521010005,散称,一般商品,千克,1.038,7.04,6.78,否
39,20,粮油,2014,酱菜类,201404,蔬菜,20150101,201501,DW-2014040202,120g,一般商品,袋,1,2.7,2.7,否
38,12,蔬果,1203,水果,120301,柑桔柚类,20150101,201501,DW-1203010296,散称,生鲜,KG,0.439,1.66,10,否
43,22,休闲,2208,口香糖,220801,无糖口香糖,20150101,201501,DW-2208010003,56g,一般商品,瓶,1,10.4,10.4,否
60,22,休闲,2205,炒货,220513,香瓜子,20150101,201501,DW-2205130016,160g,一般商品,袋,1,4.5,5.9,是
17,15,日配,1518,常温乳品,151806,利乐枕加味奶,20150101,201501,DW-1518060018,230ml,一般商品,袋,3,8.4,2.8,否
48,23,酒饮,2304,茶饮料,230401,红茶,20150101,201501,DW-2304010004,500ml,一般商品,瓶,1,1.9,2.5,是
45,12,蔬果,1201,蔬菜,120104,花果,20150101,201501,DW-1201040043,散称,生鲜,千克,0.214,1.93,9,否
51,23,酒饮,2302,纯果汁,230299,其他纯果汁,20150101,201501,DW-2302990025,200ml,一般商品,盒,1,4,4,否
34,12,蔬果,1203,水果,120303,梨类,20150101,201501,DW-1203030161,散称,生鲜,KG,1.518,24.23,15.96,否
54,22,休闲,2204,蜜饯,220401,葡萄干,20150101,201501,DW-2204010041,kg,一般商品,散称,0.44,8.7,35.8,是
49,12,蔬果,1201,蔬菜,120102,根茎,20150101,201501,DW-1201020029,散称,生鲜,千克,0.626,2.48,3.96,否
49,12,蔬果,1203,水果,120309,进口水果,20150101,201501,DW-1203090216,散称,生鲜,KG,0.456,7.25,15.9,否
22,11,水产,1103,干货水产,110302,干货虾蟹贝类,20150101,201501,DW-1103020061,散称,生鲜,千克,0.768,23.04,30,否
45,12,蔬果,1201,蔬菜,120102,根茎,20150101,201501,DW-1201020040,散称,生鲜,千克,0.872,1.71,1.96,否
35,15,日配,1521,蛋类,152101,新鲜蛋品,20150101,201501,DW-1521010043,散称,一般商品,千克,1.212,10.3,8.5,否
35,22,休闲,2201,饼干,220101,苏打,20150101,201501,DW-2201010017,100g,一般商品,袋,1,4.9,4.9,否
35,22,休闲,2201,饼干,220101,苏打,20150101,201501,DW-2201010018,125g,一般商品,袋,1,5.7,5.7,否
55,30,洗化,3018,卫生巾,301802,夜用卫生巾,20150101,201501,DW-3018020125,4片,一般商品,包,1,7.5,8.7,是
9,22,休闲,2201,饼干,220111,趣味/休闲,20150101,201501,DW-2201110152,50g,一般商品,盒,1,6,6,否
52,22,休闲,2201,饼干,220103,威化,20150101,201501,DW-2201030082,散称,一般商品,KG,0.144,2.27,19.8,是
11,12,蔬果,1201,蔬菜,120104,花果,20150101,201501,DW-1201040010,散称,生鲜,千克,0.851,2.2,2.58,否
34,12,蔬果,1201,蔬菜,120104,花果,20150101,201501,DW-1201040010,散称,生鲜,千克,1.028,2.65,2.58,否
34,33,文体,3321,学生用品,332102,修正液/带,20150101,201501,DW-3321020067,8103,一般商品,卡,1,4.7,4.7,否
48,12,蔬果,1201,蔬菜,120102,根茎,20150101,201501,DW-1201020040,散称,生鲜,千克,0.662,1.3,1.96,否
54,12,蔬果,1201,蔬菜,120102,根茎,20150101,201501,DW-1201020361,散称,生鲜,kg,0.706,39.54,56,否
19,30,洗化,3016,纸制品,301603,无芯纸,20150101,201501,DW-3016030107,83g*12卷,一般商品,提,1,11.5,15.9,是
12,30,洗化,3016,纸制品,301608,软抽纸巾,20150101,201501,DW-3016080114,200抽*3,一般商品,提,1,6.9,9.7,是
55,30,洗化,3006,洗衣用品,300601,洗衣粉,20150101,201501,DW-3006010021,1.8kg,一般商品,袋,1,19.9,19.9,否
22,30,洗化,3016,纸制品,301606,手帕纸,20150101,201501,DW-3016060004,10包,一般商品,条,1,4.5,5.9,是
30,23,酒饮,2316,香烟,231601,国产省内香烟,20150101,201501,DW-2316010015,20支,一般商品,包,1,15,15,否
44,12,蔬果,1201,蔬菜,120104,花果,20150101,201501,DW-1201040027,散称,生鲜,千克,0.456,4.54,9.96,否
31,12,蔬果,1202,加工豆类,120204,豆干豆皮,20150101,201501,DW-1202048059,散称,生鲜,千克,0.08,0.62,7.76,否
47,15,日配,1505,冷藏乳品,150503,冷藏果粒酸乳,20150101,201501,DW-1505030026,260g,一般商品,盒,3,17.7,8.9,是
44,10,肉禽,1001,猪肉,100101,鲜猪肉,20150101,201501,DW-1001010194,散称,生鲜,千克,0.27,8.05,29.8,否
19,12,蔬果,1203,水果,120309,进口水果,20150101,201501,DW-1203090210,散称,生鲜,KG,1.262,22.21,17.6,否
20,12,蔬果,1201,蔬菜,120102,根茎,20150101,201501,DW-1201020008,散称,生鲜,千克,0.206,1.19,5.8,否
53,20,粮油,2011,液体调料,201104,其他酱油,20150101,201501,DW-2011040017,500ml,一般商品,瓶,1,9.9,12.9,是
20,12,蔬果,1201,蔬菜,120101,叶菜,20150101,201501,DW-1201010029,散称,生鲜,千克,0.574,1.47,2.56,否
21,12,蔬果,1203,水果,120301,柑桔柚类,20150101,201501,DW-1203010290,散称,生鲜,KG,0.998,2,2,否
57,30,洗化,3016,纸制品,301603,无芯纸,20150101,201501,DW-3016030114,170g2卷,一般商品,卷,1,6.9,6.9,否
29,30,洗化,3018,卫生巾,301802,夜用卫生巾,20150101,201501,DW-3018020125,4片,一般商品,包,1,7.5,8.7,是
60,20,粮油,2008,调味料,200805,香辛粉,20150101,201501,DW-2008050016,10g,一般商品,袋,1,2,2,否
61,13,熟食,1308,现制中式面点,130801,现制蒸类,20150101,201501,DW-1308010191,散称,生鲜,千克,0.465,2.79,6,否
33,21,冲调,2105,冲调食品,210503,芝麻糊,20150101,201501,DW-2105030025,560g,一般商品,袋,1,23.3,23.3,否
62,12,蔬果,1203,水果,120302,苹果类,20150101,201501,DW-1203020166,散称,生鲜,KG,1.868,33.25,17.8,否
44,22,休闲,2201,饼干,220108,粗粮/蔬菜,20150101,201501,DW-2201080052,50g,一般商品,袋,1,1.5,1.5,否
32,30,洗化,3007,洗浴用品,300701,香皂,20150101,201501,DW-3007010254,115g,一般商品,块,1,3.9,4.7,是
2,12,蔬果,1203,水果,120303,梨类,20150101,201501,DW-1203030177,散称,生鲜,KG,1.842,5.86,3.18,否
21,12,蔬果,1201,蔬菜,120104,花果,20150101,201501,DW-1201040010,散称,生鲜,千克,0.496,1.28,2.58,否
60,12,蔬果,1201,蔬菜,120103,芽菜,20150101,201501,DW-1201030002,散称,生鲜,千克,0.443,1.23,2.78,否
51,30,洗化,3018,卫生巾,301802,夜用卫生巾,20150101,201501,DW-3018020125,4片,一般商品,包,1,7.5,8.7,是
3,12,蔬果,1203,水果,120302,苹果类,20150101,201501,DW-1203020172,散称,生鲜,KG,0.504,6.04,11.98,否
58,12,蔬果,1201,蔬菜,120101,叶菜,20150101,201501,DW-1201010395,散称,生鲜,Kg,0.652,3.91,6,否
58,15,日配,1508,冷冻点心,150802,冷冻年糕,20150101,201501,DW-1508020001,400g,一般商品,袋,1,6.7,6.7,否
58,15,日配,1515,冷冻火锅类,151503,火锅丸类,20150101,201501,DW-1515030007,散称,一般商品,千克,0.398,10.26,32.6,是
36,20,粮油,2006,五谷杂粮,200607,杂粮,20150101,201501,DW-2006070076,散称,一般商品,千克,1.004,9.9,9.9,否
36,30,洗化,3018,卫生巾,301801,日用卫生巾,20150101,201501,DW-3018010298,8片,一般商品,包,1,6.5,7.7,是
15,20,粮油,2006,五谷杂粮,200602,袋装白米,20150101,201501,DW-2006020026,5kg,一般商品,袋,1,39.9,39.9,否
6,15,日配,1521,蛋类,152104,咸蛋,20150101,201501,DW-1521040033,散称,一般商品,千克,0.774,14.71,19,否
50,22,休闲,2208,口香糖,220801,无糖口香糖,20150101,201501,DW-2208010086,23.8g,一般商品,瓶,1,9.9,9.9,否
2,12,蔬果,1201,蔬菜,120102,根茎,20150101,201501,DW-1201020043,散称,生鲜,千克,0.598,1.08,1.8,否
17,15,日配,1501,冷藏肉制品,150103,块状火腿,20150101,201501,DW-1501030002,250g,一般商品,块,1,4.9,5.7,是
14,12,蔬果,1201,蔬菜,120102,根茎,20150101,201501,DW-1201020017,散称,生鲜,千克,1.173,3,2.56,否
10,20,粮油,2014,酱菜类,201404,蔬菜,20150101,201501,DW-2014040135,80g,一般商品,袋,5,7,1.7,是
26,21,冲调,2101,奶粉,210107,全脂奶粉,20150101,201501,DW-2101070015,300g,一般商品,袋,1,19.9,19.9,否
35,15,日配,1521,蛋类,152101,新鲜蛋品,20150101,201501,DW-1521010005,散称,一般商品,千克,2.44,16.54,6.78,否
35,20,粮油,2008,调味料,200809,淀/酵/碱粉,20150101,201501,DW-2008090024,200g,一般商品,袋,1,2.9,2.9,否
12,12,蔬果,1201,蔬菜,120101,叶菜,20150101,201501,DW-1201010019,散称,生鲜,千克,2.862,5.61,1.96,否
24,12,蔬果,1201,蔬菜,120101,叶菜,20150101,201501,DW-1201010006,散称,生鲜,千克,0.252,3.02,12,否
24,22,休闲,2202,糕点,220299,其他糕点,20150101,201501,DW-2202990142,56g,一般商品,盒,1,6.9,6.9,否
44,20,粮油,2001,袋装速食面,200101,牛肉口味,20150101,201501,DW-2001010004,121g,一般商品,袋,1,2.5,2.5,否
44,20,粮油,2001,袋装速食面,200105,干脆面,20150101,201501,DW-2001050010,25g,一般商品,袋,1,0.5,0.5,否
31,22,休闲,2205,炒货,220513,香瓜子,20150101,201501,DW-2205130090,散称,一般商品,kg,0.186,3.16,17,否
43,30,洗化,3002,浴厕厨清洁剂,300206,餐具清洁剂,20150101,201501,DW-3002060118,408g,一般商品,瓶,1,3.9,3.9,否
21,12,蔬果,1201,蔬菜,120102,根茎,20150101,201501,DW-1201020018,散称,生鲜,千克,0.312,1.74,5.56,否
56,12,蔬果,1203,水果,120307,蕉类,20150101,201501,DW-1203070023,散称,生鲜,KG,1.878,18.74,9.98,否
56,20,粮油,2014,酱菜类,201404,蔬菜,20150101,201501,DW-2014040043,375g,一般商品,瓶,1,8.2,8.2,否
56,22,休闲,2202,糕点,220208,散称糕点,20150101,201501,DW-2202080022,散称,一般商品,KG,0.372,5.88,15.8,否
9,23,酒饮,2303,果汁饮料,230399,其他果汁饮料,20150101,201501,DW-2303990061,445ml,一般商品,瓶,1,4.5,4.5,否
52,22,休闲,2202,糕点,220208,散称糕点,20150101,201501,DW-2202080028,散称,一般商品,KG,0.144,2.24,25.8,是
11,12,蔬果,1203,水果,120306,桃/李类,20150101,201501,DW-1203060094,散称,生鲜,KG,0.348,3.47,9.96,否
16,23,酒饮,2305,净水,230502,国产矿水,20150101,201501,DW-2305020019,348ml,一般商品,瓶,2,4,2,否
35,20,粮油,2008,调味料,200809,淀/酵/碱粉,20150101,201501,DW-2008090027,20g,一般商品,袋,1,1.3,1.3,否
23,22,休闲,2202,糕点,220299,其他糕点,20150101,201501,DW-2202990104,162g,一般商品,袋,1,5.3,5.3,否
57,21,冲调,2103,咖啡,210301,咖啡,20150101,201501,DW-2103010108,15g*7,一般商品,盒,1,9.9,9.9,否
37,23,酒饮,2309,啤酒,230901,国产黄啤,20150101,201501,DW-2309010115,9%580ml,一般商品,瓶,4,10,2.5,否
46,12,蔬果,1203,水果,120301,柑桔柚类,20150101,201501,DW-1203010288,散称,生鲜,KG,1.32,13.17,14.99,否
10,22,休闲,2202,糕点,220201,派,20150101,201501,DW-2202010005,25g*6,一般商品,盒,1,9.9,9.9,否
24,20,粮油,2011,液体调料,201106,陈醋,20150101,201501,DW-2011060003,380mL,一般商品,袋,1,1.7,1.7,否
58,34,针织,3412,毯子,341206,双人电热毯,20150101,201501,DW-3412060053,150*120,一般商品,条,1,59.9,69,是
44,12,蔬果,1201,蔬菜,120105,鲜调味,20150101,201501,DW-1201050011,散称,生鲜,千克,0.44,2.89,6.56,否
21,12,蔬果,1202,加工豆类,120201,豆腐,20150101,201501,DW-1202018073,散称,生鲜,千克,0.402,1.19,2.96,否
63,30,洗化,3013,口腔卫生用品,301303,成人牙刷,20150101,201501,DW-3013030328,软毛第二,一般商品,支,1,14.9,14.9,否
44,22,休闲,2202,糕点,220208,散称糕点,20150101,201501,DW-2202080013,散称,一般商品,kg,0.086,1.7,31.8,是
31,12,蔬果,1202,加工豆类,120205,豆类料理,20150101,201501,DW-1202058082,散称,生鲜,kg,0.082,2.23,27.2,否
31,23,酒饮,2312,黄酒,231201,普通黄酒,20150101,201501,DW-2312010032,555ml,一般商品,瓶,1,12.9,12.9,否
43,30,洗化,3006,洗衣用品,300602,洗衣液,20150101,201501,DW-3006020024,1kg,一般商品,瓶,1,19.7,19.7,否
21,12,蔬果,1201,蔬菜,120102,根茎,20150101,201501,DW-1201020045,散称,生鲜,千克,0.45,3.42,7.6,否
27,22,休闲,2204,蜜饯,220405,山楂,20150101,201501,DW-2204050120,散称,一般商品,kg,0.382,9.8,25.8,否
27,30,洗化,3002,浴厕厨清洁剂,300202,洁厕剂,20150101,201501,DW-3002020018,900g,一般商品,瓶,1,9.9,9.9,否
34,15,日配,1521,蛋类,152101,新鲜蛋品,20150101,201501,DW-1521010005,散称,一般商品,千克,1.014,6.87,6.78,否
35,20,粮油,2002,袋装速食面组,200201,牛肉口味,20150101,201501,DW-2002010085,120g*5,一般商品,组,1,22.5,22.5,否
35,20,粮油,2008,调味料,200809,淀/酵/碱粉,20150101,201501,DW-2008090015,15g,一般商品,袋,1,1.3,1.3,否
36,20,粮油,2006,五谷杂粮,200608,杂粮粉,20150101,201501,DW-2006080030,散称,一般商品,公斤,1.004,4.42,4.4,否
9,22,休闲,2206,即食熟制品,220601,牛肉干,20150101,201501,DW-2206010014,40g,一般商品,袋,1,11.9,11.9,否
19,12,蔬果,1203,水果,120302,苹果类,20150101,201501,DW-1203020172,散称,生鲜,KG,1.236,14.81,11.98,否
46,12,蔬果,1203,水果,120301,柑桔柚类,20150101,201501,DW-1203010288,散称,生鲜,KG,1.406,21.08,14.99,否
11,12,蔬果,1201,蔬菜,120104,花果,20150101,201501,DW-1201040027,散称,生鲜,千克,0.648,6.45,9.96,否
47,12,蔬果,1201,蔬菜,120104,花果,20150101,201501,DW-1201040026,散称,生鲜,千克,0.39,0.77,1.98,否
44,30,洗化,3016,纸制品,301608,软抽纸巾,20150101,201501,DW-3016080218,200抽*6,一般商品,提,1,15.9,19.9,是
31,12,蔬果,1201,蔬菜,120101,叶菜,20150101,201501,DW-1201010018,散称,生鲜,千克,0.244,2.93,12,否
49,12,蔬果,1203,水果,120302,苹果类,20150101,201501,DW-1203020172,散称,生鲜,KG,1.108,13.27,11.98,否
64,12,蔬果,1203,水果,120313,其它水果,20150102,201501,DW-1203130446,散称,生鲜,KG,0.536,16.08,30,否
65,20,粮油,2014,酱菜类,201401,榨菜,20150102,201501,DW-2014010021,70g,一般商品,袋,1,0.9,0.9,否
66,21,冲调,2104,冲饮品,210402,奶茶饮品,20150102,201501,DW-2104020026,80g,一般商品,杯,1,3,3,否
67,30,洗化,3016,纸制品,301603,无芯纸,20150102,201501,DW-3016030086,40±2张,一般商品,包,4,6.8,1.7,否
68,10,肉禽,1001,猪肉,100101,鲜猪肉,20150102,201501,DW-1001010194,散称,生鲜,千克,0.77,22.95,29.8,否
68,12,蔬果,1201,蔬菜,120106,菌菇类,20150102,201501,DW-1201060003,散称,生鲜,千克,0.5,3.28,6.56,否
68,15,日配,1517,常温肉制品,151701,猪肉火腿肠,20150102,201501,DW-1517010003,60g*10,一般商品,袋,1,16.3,16.3,否
69,22,休闲,2203,膨化点心,220303,罐装薯片,20150102,201501,DW-2203030078,110g*2,一般商品,罐,1,17.9,17.9,否
70,12,蔬果,1201,蔬菜,120106,菌菇类,20150102,201501,DW-1201060003,散称,生鲜,千克,0.198,1.3,6.56,否
71,12,蔬果,1201,蔬菜,120103,芽菜,20150102,201501,DW-1201030018,散称,生鲜,kg,0.556,0.82,1.48,否
72,13,熟食,1301,凉拌熟食,130101,凉拌素食,20150102,201501,DW-1301010076,散称,联营商品,kg,0.546,10.92,20,否
73,30,洗化,3016,纸制品,301608,软抽纸巾,20150102,201501,DW-3016080119,200抽*3,一般商品,提,1,8.5,8.9,是
68,23,酒饮,2314,进口酒,231404,预调酒,20150102,201501,DW-2314040069,275ml,联营商品,瓶,1,10.5,10.5,否
70,20,粮油,2003,桶杯装速食面,200301,牛肉口味,20150102,201501,DW-2003010038,142g,一般商品,桶,1,3.9,5.5,是
74,15,日配,1501,冷藏肉制品,150199,其它肠类,20150102,201501,DW-1501990010,300g,一般商品,根,1,12.9,12.9,否
74,22,休闲,2208,口香糖,220801,无糖口香糖,20150102,201501,DW-2208010050,40粒,一般商品,瓶,1,10.9,10.9,否
74,22,休闲,2208,口香糖,220801,无糖口香糖,20150102,201501,DW-2208010066,95g,一般商品,瓶,1,16,16,否
75,12,蔬果,1201,蔬菜,120104,花果,20150102,201501,DW-1201040027,散称,生鲜,千克,0.69,6.87,9.96,否
68,20,粮油,2002,袋装速食面组,200201,牛肉口味,20150102,201501,DW-2002010085,120g*5,一般商品,组,1,22.5,22.5,否
68,21,冲调,2105,冲调食品,210501,麦片/粉,20150102,201501,DW-2105010144,400g,一般商品,袋,1,13.9,13.9,否
68,22,休闲,2203,膨化点心,220302,袋装薯片,20150102,201501,DW-2203020024,70g,一般商品,包,1,5.9,5.9,否
76,22,休闲,2204,蜜饯,220405,山楂,20150102,201501,DW-2204050022,200g,一般商品,袋,1,7.5,7.5,否
71,12,蔬果,1202,加工豆类,120201,豆腐,20150102,201501,DW-1202018073,散称,生鲜,千克,0.565,1.67,2.96,否
74,15,日配,1517,常温肉制品,151701,猪肉火腿肠,20150102,201501,DW-1517010003,60g*10,一般商品,袋,1,16.3,16.3,否
77,22,休闲,2201,饼干,220111,趣味/休闲,20150102,201501,DW-2201110194,12.8g,一般商品,代　,1,6.3,6.3,否
77,22,休闲,2203,膨化点心,220301,米制点心,20150102,201501,DW-2203010099,60g,一般商品,袋,1,5.9,5.9,否
78,31,家居,3118,打扫用品,311801,手套,20150102,201501,DW-3118010004,M,一般商品,副,1,8,8,否
79,20,粮油,2007,南北干货,200706,红枣,20150102,201501,DW-2007060065,散称,一般商品,kg,0.28,5.5,37.8,是
80,22,休闲,2208,口香糖,220801,无糖口香糖,20150102,201501,DW-2208010003,56g,一般商品,瓶,1,10.4,10.4,否
81,12,蔬果,1201,蔬菜,120104,花果,20150102,201501,DW-1201040049,散称,生鲜,千克,1.638,9.5,5.8,否
65,20,粮油,2014,酱菜类,201401,榨菜,20150102,201501,DW-2014010015,60g,一般商品,袋,1,0.5,0.5,否
66,30,洗化,3013,口腔卫生用品,301301,成人牙膏,20150102,201501,DW-3013010073,130g,一般商品,支,1,9.9,9.9,否
82,10,肉禽,1001,猪肉,100101,鲜猪肉,20150102,201501,DW-1001010191,散称,生鲜,千克,0.46,13.71,29.8,否
82,12,蔬果,1201,蔬菜,120106,菌菇类,20150102,201501,DW-1201060002,散称,生鲜,千克,0.446,8.03,18,否
83,20,粮油,2009,盐/糖,200902,功能盐,20150102,201501,DW-2009020012,400g,一般商品,袋,1,2.3,2.3,否
84,15,日配,1508,冷冻点心,150801,冷冻面食,20150102,201501,DW-1508010015,400g,一般商品,袋,1,10.3,10.3,否
85,22,休闲,2202,糕点,220201,派,20150102,201501,DW-2202010039,23g*6,一般商品,盒,1,11.5,11.5,否
68,20,粮油,2003,桶杯装速食面,200301,牛肉口味,20150102,201501,DW-2003010017,50g,一般商品,杯,1,3.7,3.7,否
86,22,休闲,2212,无糖食品,221202,无糖休闲食品,20150102,201501,DW-2212020336,800g,一般商品,盒,1,28,28,否
87,22,休闲,2205,炒货,220513,香瓜子,20150102,201501,DW-2205130018,90g,一般商品,袋,1,3,3,否
3,12,蔬果,1202,加工豆类,120201,豆腐,20150102,201501,DW-1202018267,块,生鲜,块,2,3,1.5,否
77,22,休闲,2203,膨化点心,220399,其他膨化点心,20150102,201501,DW-2203990008,70g,一般商品,袋,1,3.3,3.3,否
88,12,蔬果,1203,水果,120309,进口水果,20150102,201501,DW-1203090210,散称,生鲜,KG,0.598,10.52,17.6,否
89,20,粮油,2013,调味酱,201306,甜面/豆瓣酱,20150102,201501,DW-2013060012,400g,一般商品,袋,1,3.7,3.7,否
90,22,休闲,2208,口香糖,220802,有糖口香糖,20150102,201501,DW-2208020068,40粒,一般商品,瓶,1,9.7,9.7,否
69,22,休闲,2210,果冻,221003,杯装果冻,20150102,201501,DW-2210030037,32g*6,一般商品,杯,1,5.9,5.9,否
91,12,蔬果,1201,蔬菜,120106,菌菇类,20150102,201501,DW-1201060093,计量,生鲜,袋,1,5.5,5.5,否
63,12,蔬果,1201,蔬菜,120101,叶菜,20150102,201501,DW-1201010004,散称,生鲜,千克,0.366,2.05,5.6,否
92,12,蔬果,1203,水果,120313,其它水果,20150102,201501,DW-1203130341,散称,生鲜,KG,0.93,9.28,9.98,否
93,12,蔬果,1201,蔬菜,120102,根茎,20150102,201501,DW-1201020017,散称,生鲜,千克,1.006,2.58,2.56,否
83,20,粮油,2001,袋装速食面,200105,干脆面,20150102,201501,DW-2001050028,70g,一般商品,袋,1,3.5,3.5,否
94,30,洗化,3011,保养用品,301101,护肤用品,20150102,201501,DW-3011010757,200ml,一般商品,瓶,1,40,40,否
76,20,粮油,2011,液体调料,201101,老抽酱油,20150102,201501,DW-2011010027,500mL,一般商品,瓶,1,7.9,7.9,否
95,20,粮油,2011,液体调料,201111,料酒,20150102,201501,DW-2011110006,480ml,一般商品,瓶,1,6.7,6.7,否
65,12,蔬果,1201,蔬菜,120105,鲜调味,20150102,201501,DW-1201050011,散称,生鲜,千克,0.693,4.55,6.56,否
96,12,蔬果,1202,加工豆类,120204,豆干豆皮,20150102,201501,DW-1202048078,散称,生鲜,千克,0.364,1.82,5,否
83,15,日配,1501,冷藏肉制品,150105,肉类,20150102,201501,DW-1501050038,180g,一般商品,袋,1,4.9,4.9,否
97,22,休闲,2206,即食熟制品,220605,鱼类,20150102,201501,DW-2206050106,14g,一般商品,袋,1,1,1,否
98,22,休闲,2205,炒货,220514,西瓜子,20150102,201501,DW-2205140048,132g,一般商品,袋,1,7.9,7.9,否
82,12,蔬果,1203,水果,120313,其它水果,20150102,201501,DW-1203130353,散称,生鲜,KG,0.56,6.71,11.98,否
99,15,日配,1515,冷冻火锅类,151503,火锅丸类,20150102,201501,DW-1515030007,散称,一般商品,千克,0.562,14.46,32.6,是
100,12,蔬果,1203,水果,120301,柑桔柚类,20150102,201501,DW-1203010213,散称,生鲜,KG,1.512,13.61,9,否
101,30,洗化,3018,卫生巾,301801,日用卫生巾,20150102,201501,DW-3018010145,10片,一般商品,包,1,8.9,8.9,否
102,12,蔬果,1201,蔬菜,120104,花果,20150102,201501,DW-1201040042,散称,生鲜,千克,0.28,2.18,7.8,否
77,22,休闲,2201,饼干,220111,趣味/休闲,20150102,201501,DW-2201110132,56g,一般商品,盒,1,5,5,否
77,22,休闲,2203,膨化点心,220302,袋装薯片,20150102,201501,DW-2203020009,40g,一般商品,袋,1,3.3,3.3,否
101,30,洗化,3018,卫生巾,301802,夜用卫生巾,20150102,201501,DW-3018020220,1片,一般商品,片,1,1.5,1.5,否
103,12,蔬果,1201,蔬菜,120104,花果,20150102,201501,DW-1201040010,散称,生鲜,千克,0.626,2.82,2.58,否
103,12,蔬果,1203,水果,120313,其它水果,20150102,201501,DW-1203130449,散称,生鲜,KG,0.53,3.38,23,否
69,15,日配,1505,冷藏乳品,150502,冷藏加味酸乳,20150102,201501,DW-1505020162,100g*8,一般商品,组,1,12.8,12.8,否
104,12,蔬果,1203,水果,120307,蕉类,20150102,201501,DW-1203070022,散称,生鲜,KG,1.74,10.37,5.96,否
88,22,休闲,2201,饼干,220110,简装/压缩,20150102,201501,DW-2201100015,散称,一般商品,KG,0.182,2.51,19.8,是
70,33,文体,3321,学生用品,332102,修正液/带,20150102,201501,DW-3321020053,JL-XZ6602,一般商品,本,1,1.7,1.7,否
91,15,日配,1521,蛋类,152101,新鲜蛋品,20150102,201501,DW-1521010005,散称,一般商品,千克,0.914,6.2,6.78,否
105,20,粮油,2001,袋装速食面,200101,牛肉口味,20150102,201501,DW-2001010007,100g,一般商品,袋,1,3,3,否
106,21,冲调,2101,奶粉,210106,婴儿辅助食品,20150102,201501,DW-2101060055,120g,一般商品,支,1,4.9,4.9,否
83,13,熟食,1301,凉拌熟食,130101,凉拌素食,20150102,201501,DW-1301010076,散称,联营商品,kg,0.284,5.68,20,否
106,30,洗化,3007,洗浴用品,300704,沐浴露,20150102,201501,DW-3007040522,400ml,一般商品,瓶,1,19.9,19.9,否
89,20,粮油,2009,盐/糖,200903,绵白糖,20150102,201501,DW-2009030002,散称,一般商品,kg,1,6.8,6.8,否
80,22,休闲,2205,炒货,220515,南瓜子,20150102,201501,DW-2205150010,144g,一般商品,袋,1,8.3,8.3,否
80,22,休闲,2205,炒货,220515,南瓜子,20150102,201501,DW-2205150035,144g,一般商品,袋,1,8.9,8.9,否
105,11,水产,1103,干货水产,110302,干货虾蟹贝类,20150102,201501,DW-1103020061,散称,生鲜,千克,0.168,5.04,30,否
12,12,蔬果,1201,蔬菜,120102,根茎,20150102,201501,DW-1201020361,散称,生鲜,kg,0.21,11.76,56,否
75,12,蔬果,1201,蔬菜,120104,花果,20150102,201501,DW-1201040004,散称,生鲜,千克,0.646,3.75,5.8,否
12,20,粮油,2011,液体调料,201103,凉拌酱油,20150102,201501,DW-2011030010,350mL,一般商品,袋,5,6.5,1.3,否
83,20,粮油,2002,袋装速食面组,200204,海鲜口味,20150102,201501,DW-2002040007,118g*5,一般商品,包,1,10.9,12.5,是
83,22,休闲,2203,膨化点心,220302,袋装薯片,20150102,201501,DW-2203020282,45g,一般商品,袋,1,3.7,3.7,否
66,30,洗化,3006,洗衣用品,300602,洗衣液,20150102,201501,DW-3006020031,3kg,一般商品,瓶,1,39.9,51.9,是
107,20,粮油,2007,南北干货,200708,干果,20150102,201501,DW-2007080007,160g,一般商品,袋,1,21.9,22.3,否
77,22,休闲,2203,膨化点心,220301,米制点心,20150102,201501,DW-2203010110,160g,一般商品,袋,1,8.7,8.7,否
108,12,蔬果,1201,蔬菜,120102,根茎,20150102,201501,DW-1201020029,散称,生鲜,千克,1.472,5.83,3.96,否
106,20,粮油,2003,桶杯装速食面,200301,牛肉口味,20150102,201501,DW-2003010063,123g,一般商品,盒,1,5.5,5.5,否
84,12,蔬果,1201,蔬菜,120104,花果,20150102,201501,DW-1201040031,散称,生鲜,千克,0.914,2.89,3.16,否
78,30,洗化,3008,洗护发用品,300803,染发用品,20150102,201501,DW-3008030106,140g,一般商品,盒,1,108,108,否
103,12,蔬果,1203,水果,120306,桃/李类,20150102,201501,DW-1203060161,计量,生鲜,个,5,100,20,否
103,20,粮油,2008,调味料,200806,香辛料,20150102,201501,DW-2008060010,50g,一般商品,袋,1,7.3,7.3,否
109,23,酒饮,2301,碳酸饮料,230101,可乐型,20150102,201501,DW-2301010018,2.5L,一般商品,瓶,1,6.9,6.9,否
69,22,休闲,2209,巧克力,220905,黑/纯巧克力,20150102,201501,DW-2209050059,52g,一般商品,袋,1,7.9,7.9,否
89,20,粮油,2009,盐/糖,200902,功能盐,20150102,201501,DW-2009020012,400g,一般商品,袋,1,2.3,2.3,否
90,20,粮油,2007,南北干货,200708,干果,20150102,201501,DW-2007080007,160g,一般商品,袋,1,22.3,22.3,否
110,13,熟食,1301,凉拌熟食,130101,凉拌素食,20150102,201501,DW-1301010076,散称,联营商品,kg,0.51,10.2,20,否
92,12,蔬果,1203,水果,120303,梨类,20150102,201501,DW-1203030161,散称,生鲜,KG,2.152,34.35,15.96,否
80,22,休闲,2205,炒货,220514,西瓜子,20150102,201501,DW-2205140008,15*12g,一般商品,袋,1,10.5,10.5,否
93,12,蔬果,1203,水果,120302,苹果类,20150102,201501,DW-1203020172,散称,生鲜,KG,1.212,14.52,11.98,否
94,30,洗化,3011,保养用品,301102,洁面乳,20150102,201501,DW-3011020121,100g,一般商品,支,1,23.9,23.9,否
99,15,日配,1521,蛋类,152101,新鲜蛋品,20150102,201501,DW-1521010046,12枚,一般商品,提,1,11.9,11.9,否
84,10,肉禽,1001,猪肉,100101,鲜猪肉,20150102,201501,DW-1001010195,散称,生鲜,千克,0.28,7.78,27.8,否
101,20,粮油,2007,南北干货,200706,红枣,20150102,201501,DW-2007060065,散称,一般商品,kg,0.338,6.6,37.8,是
101,22,休闲,2201,饼干,220111,趣味/休闲,20150102,201501,DW-2201110256,50g,一般商品,盒,1,4.9,4.9,否
91,12,蔬果,1201,蔬菜,120102,根茎,20150102,201501,DW-1201020043,散称,生鲜,千克,1.297,2.33,1.8,否
105,20,粮油,2005,煮食面/粉,200501,挂面,20150102,201501,DW-2005010154,800g,一般商品,卷,1,8.5,8.5,否
96,20,粮油,2014,酱菜类,201401,榨菜,20150102,201501,DW-2014010010,60g,一般商品,袋,1,0.5,0.5,否
111,12,蔬果,1201,蔬菜,120101,叶菜,20150102,201501,DW-1201010025,散称,生鲜,千克,0.392,1.55,3.96,否
63,12,蔬果,1205,其它加工,120501,咸菜干货,20150102,201501,DW-1205010195,散称,生鲜,千克,0.118,5.9,50,否
112,20,粮油,2002,袋装速食面组,200201,牛肉口味,20150102,201501,DW-2002010070,103g*5,一般商品,包,1,14.7,14.7,否
113,23,酒饮,2314,进口酒,231404,预调酒,20150102,201501,DW-2314040077,4%275ml,一般商品,瓶,1,8.9,12.9,是
65,10,肉禽,1004,鸡产品,100402,分割鸡件,20150102,201501,DW-1004020003,散称,生鲜,千克,0.516,9.08,17.6,否
65,12,蔬果,1201,蔬菜,120104,花果,20150102,201501,DW-1201040027,散称,生鲜,千克,0.424,4.22,9.96,否
65,20,粮油,2009,盐/糖,200903,绵白糖,20150102,201501,DW-2009030013,400g,一般商品,袋,1,3.9,5.9,是
114,20,粮油,2007,南北干货,200702,银耳,20150102,201501,DW-2007020012,散称,一般商品,kg,0.064,6.34,99,否
114,22,休闲,2204,蜜饯,220499,其他蜜饯,20150102,201501,DW-2204990181,散称,一般商品,KG,0.214,6.38,29.8,否
71,12,蔬果,1203,水果,120307,蕉类,20150102,201501,DW-1203070023,散称,生鲜,KG,1.184,11.82,9.98,否
71,20,粮油,2006,五谷杂粮,200607,杂粮,20150102,201501,DW-2006070060,散称,一般商品,公斤,0.906,14.31,15.8,否
115,12,蔬果,1201,蔬菜,120104,花果,20150102,201501,DW-1201040053,散称,生鲜,千克,1.566,18.79,12,否
116,15,日配,1518,常温乳品,151813,利乐砖乳酸菌,20150102,201501,DW-1518130016,205g,一般商品,盒,12,49,5.5,是
80,22,休闲,2207,糖果,220702,奶糖,20150102,201501,DW-2207020079,90g,一般商品,袋,1,9.5,9.5,否
76,20,粮油,2011,液体调料,201103,凉拌酱油,20150102,201501,DW-2011030005,500mL,一般商品,瓶,1,6.9,6.9,否
76,30,洗化,3018,卫生巾,301802,夜用卫生巾,20150102,201501,DW-3018020111,5片,一般商品,包,1,5.7,5.7,否
77,22,休闲,2202,糕点,220201,派,20150102,201501,DW-2202010047,25g*8枚,一般商品,袋,1,7.5,7.5,否
77,22,休闲,2202,糕点,220298,进口糕点,20150102,201501,DW-2202980007,288g,一般商品,袋,1,16.9,16.9,否
77,22,休闲,2203,膨化点心,220305,粟米类,20150102,201501,DW-2203050054,105g,一般商品,包,1,4.3,4.3,否
99,12,蔬果,1201,蔬菜,120101,叶菜,20150102,201501,DW-1201010001,散称,生鲜,千克,0.122,0.68,5.56,否
89,20,粮油,2011,液体调料,201107,滴醋,20150102,201501,DW-2011070008,500mL,一般商品,瓶,1,4.8,4.8,否
90,30,洗化,3007,洗浴用品,300701,香皂,20150102,201501,DW-3007010188,115g,一般商品,块,1,4.9,4.9,否
83,12,蔬果,1201,蔬菜,120102,根茎,20150102,201501,DW-1201020361,散称,生鲜,kg,0.582,32.59,56,否
87,20,粮油,2010,食用油,201008,山茶油/野茶油,20150102,201501,DW-2010080002,500ml,一般商品,桶,1,87.9,87.9,否
117,10,肉禽,1004,鸡产品,100402,分割鸡件,20150102,201501,DW-1004020001,散称,生鲜,千克,0.274,9.81,35.8,否
117,30,洗化,3017,纸尿裤,301703,成人纸尿裤,20150102,201501,DW-3017030004,10片,一般商品,包,1,43,43,否
97,22,休闲,2206,即食熟制品,220605,鱼类,20150102,201501,DW-2206050108,14g,一般商品,袋,1,1,1,否
113,23,酒饮,2309,啤酒,230901,国产黄啤,20150102,201501,DW-2309010067,4.1%500ml,一般商品,听,1,9.8,9.8,否
112,15,日配,1505,冷藏乳品,150502,冷藏加味酸乳,20150102,201501,DW-1505020147,150g*（8+1,一般商品,袋,1,17.9,17.9,否
118,12,蔬果,1203,水果,120301,柑桔柚类,20150102,201501,DW-1203010217,散称,生鲜,KG,1.656,11.56,6.98,否
107,21,冲调,2104,冲饮品,210402,奶茶饮品,20150102,201501,DW-2104020122,82g,一般商品,杯,1,4.9,4.9,否
85,22,休闲,2203,膨化点心,220301,米制点心,20150102,201501,DW-2203010015,52g,一般商品,袋,1,3.8,3.8,否
88,12,蔬果,1203,水果,120313,其它水果,20150102,201501,DW-1203130449,散称,生鲜,KG,0.596,13.71,23,否
74,15,日配,1505,冷藏乳品,150505,冷藏营养酸乳,20150102,201501,DW-1505050004,100g*10,一般商品,袋,1,11.9,11.9,否
115,12,蔬果,1201,蔬菜,120101,叶菜,20150102,201501,DW-1201010019,散称,生鲜,千克,2.542,4.98,1.96,否
92,12,蔬果,1203,水果,120309,进口水果,20150102,201501,DW-1203090210,散称,生鲜,KG,1.19,10.61,17.6,否
90,22,休闲,2202,糕点,220203,蛋卷,20150102,201501,DW-2202030012,60g,一般商品,盒,1,4.5,4.5,否
90,30,洗化,3016,纸制品,301602,平板纸,20150102,201501,DW-3016020007,400张,一般商品,包,1,5.9,5.9,否
83,12,蔬果,1201,蔬菜,120103,芽菜,20150102,201501,DW-1201030001,散称,生鲜,千克,0.776,1.37,1.76,否
111,15,日配,1515,冷冻火锅类,151501,肉片/串类,20150102,201501,DW-1515010061,260g,一般商品,袋,1,16.3,16.3,否
63,12,蔬果,1201,蔬菜,120101,叶菜,20150102,201501,DW-1201010395,散称,生鲜,Kg,0.635,3.81,6,否
66,30,洗化,3016,纸制品,301606,手帕纸,20150102,201501,DW-3016060009,18包,一般商品,条,1,5,6.9,是
119,20,粮油,2008,调味料,200805,香辛粉,20150102,201501,DW-2008050050,50g,一般商品,袋,1,7.3,7.3,否
70,33,文体,3322,胶水胶带,332201,固体胶,20150102,201501,DW-3322010015,0310A,一般商品,个,1,1.3,1.3,否
71,12,蔬果,1203,水果,120303,梨类,20150102,201501,DW-1203030177,散称,生鲜,KG,1.088,3.46,3.18,否
72,12,蔬果,1201,蔬菜,120106,菌菇类,20150102,201501,DW-1201060006, ,生鲜,盒,1,5.8,5.8,否
76,20,粮油,2015,罐头,201501,八宝粥,20150102,201501,DW-2015010036,360g,一般商品,个,1,3.2,3.2,否
120,12,蔬果,1201,蔬菜,120104,花果,20150102,201501,DW-1201040027,散称,生鲜,千克,0.272,2.71,9.96,否
120,15,日配,1521,蛋类,152101,新鲜蛋品,20150102,201501,DW-1521010005,散称,一般商品,千克,0.982,6.66,6.78,否
108,12,蔬果,1201,蔬菜,120102,根茎,20150102,201501,DW-1201020029,散称,生鲜,千克,-0.001,0,3.96,否
108,12,蔬果,1201,蔬菜,120102,根茎,20150102,201501,DW-1201020029,散称,生鲜,千克,0.001,0,3.96,否
108,12,蔬果,1201,蔬菜,120104,花果,20150102,201501,DW-1201040035,散称,生鲜,千克,0.51,4.9,9.6,否
34,12,蔬果,1203,水果,120301,柑桔柚类,20150102,201501,DW-1203010290,散称,生鲜,KG,0.716,1.43,2,否
66,15,日配,1518,常温乳品,151807,利乐枕营养奶,20150102,201501,DW-1518070001,240ml,一般商品,袋,16,44.8,2.8,否
107,30,洗化,3013,口腔卫生用品,301303,成人牙刷,20150102,201501,DW-3013030252,1*1,一般商品,支,1,8.9,8.9,否
63,12,蔬果,1201,蔬菜,120102,根茎,20150102,201501,DW-1201020013,散称,生鲜,千克,0.601,2.4,4,否
121,20,粮油,2007,南北干货,200706,红枣,20150102,201501,DW-2007060065,散称,一般商品,kg,0.282,5.5,37.8,是
102,12,蔬果,1201,蔬菜,120102,根茎,20150102,201501,DW-1201020010,散称,生鲜,千克,0.152,0.58,3.8,否
114,22,休闲,2206,即食熟制品,220606,海苔,20150102,201501,DW-2206060040,6g,一般商品,袋,1,2,2,否
66,30,洗化,3016,纸制品,301608,软抽纸巾,20150102,201501,DW-3016080084,200抽*6,一般商品,提,1,15.6,15.9,是
66,31,家居,3116,保鲜用品,311604,保鲜袋,20150102,201501,DW-3116040004,30CM*20CM*20,一般商品,卷,1,8.9,10,是
113,23,酒饮,2304,茶饮料,230401,红茶,20150102,201501,DW-2304010004,500ml,一般商品,瓶,1,1.9,2.5,是
112,12,蔬果,1203,水果,120303,梨类,20150102,201501,DW-1203030177,散称,生鲜,KG,1.821,5.79,3.18,否
86,20,粮油,2015,罐头,201501,八宝粥,20150102,201501,DW-2015010036,360g,一般商品,个,12,38.4,3.2,否
69,22,休闲,2201,饼干,220111,趣味/休闲,20150102,201501,DW-2201110128,45g,一般商品,盒,1,3.5,3.5,否
119,20,粮油,2011,液体调料,201103,凉拌酱油,20150102,201501,DW-2011030019,500ml,一般商品,瓶,1,7.9,7.9,否
88,12,蔬果,1203,水果,120301,柑桔柚类,20150102,201501,DW-1203010227,散称,生鲜,KG,0.515,4.11,7.98,否
72,10,肉禽,1001,猪肉,100104,猪骨,20150102,201501,DW-1001040125,散称,生鲜,千克,1.41,58.94,41.8,否
122,23,酒饮,2303,果汁饮料,230304,植物蛋白饮料,20150102,201501,DW-2303040021,1.5L,一般商品,瓶,2,22.6,11.3,否
116,15,日配,1518,常温乳品,151813,利乐砖乳酸菌,20150102,201501,DW-1518130011,200ml,一般商品,盒,12,63.6,5.3,否
93,12,蔬果,1201,蔬菜,120102,根茎,20150102,201501,DW-1201020018,散称,生鲜,千克,0.986,5.48,5.56,否
93,20,粮油,2005,煮食面/粉,200501,挂面,20150102,201501,DW-2005010049,500g,一般商品,卷,1,5.3,5.3,否
94,22,休闲,2206,即食熟制品,220699,其他即食熟制品,20150102,201501,DW-2206990064,120g,一般商品,代,1,17.9,17.9,否
68,22,休闲,2203,膨化点心,220302,袋装薯片,20150102,201501,DW-2203020181,104g,一般商品,罐,1,7.5,7.5,否
70,20,粮油,2003,桶杯装速食面,200301,牛肉口味,20150102,201501,DW-2003010003,55g,一般商品,杯,1,3,3,否
98,30,洗化,3016,纸制品,301609,湿巾纸,20150102,201501,DW-3016090102,60片,一般商品,筒,1,7.9,7.9,否
123,15,日配,1518,常温乳品,151809,百利包纯奶,20150102,201501,DW-1518090001,200ml,一般商品,袋,16,24.9,2.1,是
76,20,粮油,2009,盐/糖,200902,功能盐,20150102,201501,DW-2009020012,400g,一般商品,袋,1,2.3,2.3,否
66,12,蔬果,1203,水果,120307,蕉类,20150102,201501,DW-1203070023,散称,生鲜,KG,1.13,11.28,9.98,否
107,30,洗化,3008,洗护发用品,300802,润发护发,20150102,201501,DW-3008020279,300ml,一般商品,瓶,1,42.9,42.9,否
77,22,休闲,2201,饼干,220103,威化,20150102,201501,DW-2201030079,12.5g*15,一般商品,袋,1,14.9,14.9,否
77,22,休闲,2202,糕点,220202,蛋糕,20150102,201501,DW-2202020159,288g,一般商品,袋,1,10.5,10.5,否
108,12,蔬果,1201,蔬菜,120101,叶菜,20150102,201501,DW-1201010001,散称,生鲜,千克,0.296,1.65,5.56,否
84,15,日配,1521,蛋类,152101,新鲜蛋品,20150102,201501,DW-1521010005,散称,一般商品,千克,0.818,5.55,6.78,否
108,30,洗化,3016,纸制品,301608,软抽纸巾,20150102,201501,DW-3016080239,150抽*6,一般商品,提,1,9.9,9.9,否
34,30,洗化,3016,纸制品,301603,无芯纸,20150102,201501,DW-3016030075,140g*10卷,一般商品,提,1,15.9,24.9,是
90,15,日配,1510,冷冻水饺,151099,其它水饺,20150102,201501,DW-1510990001,500g,一般商品,袋,1,7.9,10.3,是
90,21,冲调,2101,奶粉,210109,营养奶粉,20150102,201501,DW-2101090014,350g,一般商品,袋,1,20.9,20.9,否
90,23,酒饮,2303,果汁饮料,230304,植物蛋白饮料,20150102,201501,DW-2303040083,240ml,一般商品,罐,1,3.9,3.9,否
104,10,肉禽,1001,猪肉,100101,鲜猪肉,20150102,201501,DW-1001010196,散称,生鲜,千克,0.558,15.51,27.8,否
91,12,蔬果,1201,蔬菜,120102,根茎,20150102,201501,DW-1201020045,散称,生鲜,千克,0.81,6.16,7.6,否
64,22,休闲,2202,糕点,220204,沙琪玛,20150102,201501,DW-2202040004,608g,一般商品,袋,1,14.3,14.3,否
68,12,蔬果,1201,蔬菜,120101,叶菜,20150102,201501,DW-1201010029,散称,生鲜,千克,1.025,2.62,2.56,否
68,12,蔬果,1201,蔬菜,120104,花果,20150102,201501,DW-1201040010,散称,生鲜,千克,0.537,1.39,2.58,否
90,20,粮油,2006,五谷杂粮,200607,杂粮,20150102,201501,DW-2006070062,散称,一般商品,公斤,0.546,7.53,13.8,否
90,22,休闲,2201,饼干,220106,钙奶,20150102,201501,DW-2201060004,240g,一般商品,袋,1,3.9,3.9,否
90,30,洗化,3016,纸制品,301602,平板纸,20150102,201501,DW-3016020061,200±8张,一般商品,包,1,3.9,3.9,否
73,30,洗化,3016,纸制品,301608,软抽纸巾,20150102,201501,DW-3016080114,200抽*3,一般商品,提,1,6.9,9.7,是
70,12,蔬果,1201,蔬菜,120104,花果,20150102,201501,DW-1201040042,散称,生鲜,千克,0.292,2.68,7.8,否
74,12,蔬果,1201,蔬菜,120102,根茎,20150102,201501,DW-1201020042,散称,生鲜,千克,0.296,2.31,7.8,否
124,12,蔬果,1201,蔬菜,120102,根茎,20150102,201501,DW-1201020029,散称,生鲜,千克,1.997,7.91,3.96,否
124,12,蔬果,1201,蔬菜,120105,鲜调味,20150102,201501,DW-1201050004,散称,生鲜,千克,0.222,1.33,5.98,否
124,14,烘焙,1403,现制西式糕点,140301,现制西式糕点,20150102,201501,DW-1403010085,散称,生鲜,千克,0.328,5.25,16,否
96,22,休闲,2201,饼干,220111,趣味/休闲,20150102,201501,DW-2201110056,49g,一般商品,盒,1,4.3,4.3,否
12,12,蔬果,1201,蔬菜,120102,根茎,20150102,201501,DW-1201020005,散称,生鲜,千克,0.704,4.62,6.56,否
110,23,酒饮,2304,茶饮料,230401,红茶,20150102,201501,DW-2304010004,500ml,一般商品,瓶,1,1.9,2.5,是
12,12,蔬果,1201,蔬菜,120101,叶菜,20150102,201501,DW-1201010009,散称,生鲜,千克,0.666,4.37,6.56,否
92,12,蔬果,1203,水果,120313,其它水果,20150102,201501,DW-1203130449,散称,生鲜,KG,0.973,6.21,23,否
93,12,蔬果,1202,加工豆类,120201,豆腐,20150102,201501,DW-1202018267,块,生鲜,块,2,3,1.5,否
94,23,酒饮,2303,果汁饮料,230399,其他果汁饮料,20150102,201501,DW-2303990060,445ml,一般商品,瓶,1,4.5,4.5,否
123,20,粮油,2002,袋装速食面组,200203,禽肉口味,20150102,201501,DW-2002030010,98g*5,一般商品,袋,1,11.3,11.3,否
76,30,洗化,3018,卫生巾,301802,夜用卫生巾,20150102,201501,DW-3018020108,8片,一般商品,包,1,8.9,8.9,否
82,12,蔬果,1202,加工豆类,120201,豆腐,20150102,201501,DW-1202018267,块,生鲜,块,1,1.5,1.5,否
87,20,粮油,2011,液体调料,201105,香醋,20150102,201501,DW-2011050009,350mL,一般商品,袋,1,1.3,1.3,否
97,22,休闲,2202,糕点,220299,其他糕点,20150102,201501,DW-2202990154,散装,一般商品,KG,0.258,5.11,19.8,否
68,22,休闲,2207,糖果,220703,软糖,20150102,201501,DW-2207030041,33g,一般商品,支,1,2,2,否
69,22,休闲,2206,即食熟制品,220607,豆干类,20150102,201501,DW-2206070248,150g,一般商品,袋,1,3.9,3.9,否
88,22,休闲,2201,饼干,220110,简装/压缩,20150102,201501,DW-2201100015,散称,一般商品,KG,0.212,2.91,19.8,是
71,12,蔬果,1201,蔬菜,120109,其它蔬菜,20150102,201501,DW-1201090311, ,生鲜,个,4,8,2,否
74,22,休闲,2208,口香糖,220802,有糖口香糖,20150102,201501,DW-2208020030,56g,一般商品,瓶,1,10.9,10.9,否
27,30,洗化,3006,洗衣用品,300602,洗衣液,20150102,201501,DW-3006020193,1kg,一般商品,袋,3,29.7,9.9,否
115,12,蔬果,1201,蔬菜,120104,花果,20150102,201501,DW-1201040052,散称,生鲜,千克,0.882,14.11,16,否
80,15,日配,1518,常温乳品,151807,利乐枕营养奶,20150102,201501,DW-1518070001,240ml,一般商品,袋,16,44.8,2.8,否
94,21,冲调,2104,冲饮品,210402,奶茶饮品,20150102,201501,DW-2104020011,80g,一般商品,杯,1,3,3,否
109,22,休闲,2207,糖果,220799,其他糖果,20150102,201501,DW-2207990013,散称,一般商品,千克,0.128,6.91,54,否
68,12,蔬果,1201,蔬菜,120106,菌菇类,20150102,201501,DW-1201060010,散称,生鲜,千克,0.298,2.68,9,否
68,20,粮油,2001,袋装速食面,200101,牛肉口味,20150102,201501,DW-2001010062,120g,一般商品,袋,1,3,3,否
70,12,蔬果,1201,蔬菜,120106,菌菇类,20150102,201501,DW-1201060010,散称,生鲜,千克,0.116,1.04,9,否
70,33,文体,3321,学生用品,332104,剪刀美工刀,20150102,201501,DW-3321040038,588,一般商品,把,2,1,0.5,否
72,12,蔬果,1201,蔬菜,120104,花果,20150102,201501,DW-1201040036,散称,生鲜,千克,0.82,1.48,1.8,否
72,12,蔬果,1201,蔬菜,120106,菌菇类,20150102,201501,DW-1201060014,散称,生鲜,kg,1,30,30,否
100,12,蔬果,1203,水果,120302,苹果类,20150102,201501,DW-1203020164,散称,生鲜,KG,1.748,31.11,17.8,否
3,22,休闲,2205,炒货,220513,香瓜子,20150102,201501,DW-2205130089,散装,一般商品,KG,0.33,3.87,13.8,是
3,22,休闲,2207,糖果,220799,其他糖果,20150102,201501,DW-2207990018,散称,一般商品,千克,0.13,9.23,71,否
74,30,洗化,3013,口腔卫生用品,301301,成人牙膏,20150102,201501,DW-3013010006,90g,一般商品,支,1,18.9,18.9,否
94,15,日配,1505,冷藏乳品,150503,冷藏果粒酸乳,20150102,201501,DW-1505030006,250g,一般商品,盒,1,6.9,6.9,否
94,23,酒饮,2307,乳饮料,230704,加味酸乳饮,20150102,201501,DW-2307040018,245ml,一般商品,听,1,4.3,4.3,否
90,20,粮油,2015,罐头,201505,肉类罐头,20150102,201501,DW-2015050019,397g,一般商品,听,1,19.9,19.9,否
75,10,肉禽,1004,鸡产品,100402,分割鸡件,20150102,201501,DW-1004020002,散称,生鲜,千克,0.418,7.94,19,否
27,12,蔬果,1201,蔬菜,120102,根茎,20150102,201501,DW-1201020721,散称,生鲜,千克,0.166,0.83,5,否
27,22,休闲,2206,即食熟制品,220607,豆干类,20150102,201501,DW-2206070072,散称,一般商品,千克,0.262,15.46,59,否
125,15,日配,1505,冷藏乳品,150504,冷藏乳酸菌,20150102,201501,DW-1505040001,100g*8,一般商品,组,1,10.9,12.9,是
90,22,休闲,2201,饼干,220111,趣味/休闲,20150102,201501,DW-2201110058,33g,一般商品,盒,1,4.5,4.5,否
105,12,蔬果,1201,蔬菜,120101,叶菜,20150102,201501,DW-1201010029,散称,生鲜,千克,1.082,2.77,2.56,否
124,12,蔬果,1203,水果,120303,梨类,20150102,201501,DW-1203030177,散称,生鲜,KG,1.796,5.71,3.18,否
87,20,粮油,2011,液体调料,201109,白醋,20150102,201501,DW-2011090002,500mL,一般商品,瓶,1,2.9,2.9,否
90,22,休闲,2202,糕点,220203,蛋卷,20150102,201501,DW-2202030010,60g,一般商品,袋,1,4,4.5,否
83,13,熟食,1301,凉拌熟食,130101,凉拌素食,20150102,201501,DW-1301010076,散称,联营商品,kg,0.001,0.02,20,否
106,15,日配,1505,冷藏乳品,150506,冷藏原味鲜乳,20150102,201501,DW-1505060014,100g*8,一般商品,盒,1,9.9,15.9,是
112,23,酒饮,2306,运动机能饮料,230604,健康机能饮料,20150102,201501,DW-2306040039,1L,一般商品,瓶,1,6,6,否
103,12,蔬果,1201,蔬菜,120102,根茎,20150102,201501,DW-1201020037,散称,生鲜,千克,0.334,1.32,3.96,否
85,12,蔬果,1203,水果,120309,进口水果,20150102,201501,DW-1203090210,散称,生鲜,KG,0.618,10.88,17.6,否
114,15,日配,1518,常温乳品,151813,利乐砖乳酸菌,20150102,201501,DW-1518130016,205g,一般商品,盒,12,49,5.5,是
109,12,蔬果,1203,水果,120302,苹果类,20150102,201501,DW-1203020162,散称,生鲜,KG,0.676,5.39,7.98,否
68,15,日配,1505,冷藏乳品,150501,冷藏原味酸乳,20150102,201501,DW-1505010100,80g*8,一般商品,袋,1,11.9,11.9,否
69,22,休闲,2201,饼干,220104,曲奇,20150102,201501,DW-2201040033,72g,一般商品,盒,1,5.7,5.7,否
107,15,日配,1517,常温肉制品,151701,猪肉火腿肠,20150102,201501,DW-1517010003,60g*10,一般商品,袋,1,16.3,16.3,否
68,12,蔬果,1201,蔬菜,120104,花果,20150102,201501,DW-1201040026,散称,生鲜,千克,0.39,0.77,1.98,否
68,20,粮油,2013,调味酱,201304,色拉酱,20150102,201501,DW-2013040009,200g,一般商品,瓶,1,15.9,15.9,否
69,22,休闲,2203,膨化点心,220302,袋装薯片,20150102,201501,DW-2203020028,45g,一般商品,包,1,4,4,否
69,22,休闲,2208,口香糖,220801,无糖口香糖,20150102,201501,DW-2208010045,40粒,一般商品,瓶,1,10.4,10.4,否
70,15,日配,1515,冷冻火锅类,151503,火锅丸类,20150102,201501,DW-1515030007,散称,一般商品,千克,0.534,13.71,32.6,是
71,20,粮油,2007,南北干货,200706,红枣,20150102,201501,DW-2007060065,散称,一般商品,kg,0.35,6.93,37.8,是
106,21,冲调,2107,滋补营养品,210705,补钙/铁/锌,20150102,201501,DW-2107050044,100ml*5,一般商品,盒,1,81.9,81.9,否
106,22,休闲,2204,蜜饯,220403,梅,20150102,201501,DW-2204030327,40g,一般商品,袋,1,4.2,4.2,否
93,13,熟食,1308,现制中式面点,130801,现制蒸类,20150102,201501,DW-1308010192,个,生鲜,个,8,4,0.5,否
94,22,休闲,2204,蜜饯,220405,山楂,20150102,201501,DW-2204050010,115g,一般商品,袋,1,3.9,4.9,是
123,15,日配,1521,蛋类,152101,新鲜蛋品,20150102,201501,DW-1521010005,散称,一般商品,千克,0.94,6.37,6.78,否
82,12,蔬果,1201,蔬菜,120101,叶菜,20150102,201501,DW-1201010023,散称,生鲜,千克,1.038,2.66,2.56,否
80,20,粮油,2010,食用油,201004,玉米油,20150102,201501,DW-2010040008,5L,一般商品,桶,1,87.9,87.9,否
76,22,休闲,2204,蜜饯,220402,枣,20150102,201501,DW-2204020061,150g,一般商品,袋,1,3.7,3.7,否
98,30,洗化,3016,纸制品,301608,软抽纸巾,20150102,201501,DW-3016080183,60抽*3,一般商品,提,1,6.9,6.9,否
109,23,酒饮,2317,进口饮料,231701,进口碳酸,20150102,201501,DW-2317010026,355ml,一般商品,罐,1,5.5,7.5,是
73,23,酒饮,2303,果汁饮料,230304,植物蛋白饮料,20150102,201501,DW-2303040064,380ml,一般商品,瓶,1,4.9,4.9,否
27,12,蔬果,1201,蔬菜,120102,根茎,20150102,201501,DW-1201020026,散称,生鲜,千克,0.352,0.9,2.56,否
77,22,休闲,2203,膨化点心,220305,粟米类,20150102,201501,DW-2203050023,40g,一般商品,袋,1,3.9,3.9,否
34,22,休闲,2204,蜜饯,220401,葡萄干,20150102,201501,DW-2204010005,150g,一般商品,袋,1,7.9,11.9,是
77,22,休闲,2201,饼干,220111,趣味/休闲,20150102,201501,DW-2201110155,60g,一般商品,盒,1,4.9,4.9,否
69,15,日配,1517,常温肉制品,151701,猪肉火腿肠,20150102,201501,DW-1517010003,60g*10,一般商品,袋,1,16.3,16.3,否
72,10,肉禽,1001,猪肉,100101,鲜猪肉,20150102,201501,DW-1001010196,散称,生鲜,千克,0.42,11.68,27.8,否
72,12,蔬果,1201,蔬菜,120104,花果,20150102,201501,DW-1201040016,散称,生鲜,千克,0.752,1.2,1.6,否
80,20,粮油,2002,袋装速食面组,200201,牛肉口味,20150102,201501,DW-2002010013,125g*5,一般商品,组,1,13.9,17.3,否
80,22,休闲,2208,口香糖,220801,无糖口香糖,20150102,201501,DW-2208010043,12片,一般商品,盒,1,5.2,5.2,否
76,20,粮油,2008,调味料,200803,鸡精,20150102,201501,DW-2008030025,200g,一般商品,袋,1,7.3,7.3,否
105,12,蔬果,1203,水果,120307,蕉类,20150102,201501,DW-1203070023,散称,生鲜,KG,0.892,8.9,9.98,否
89,20,粮油,2011,液体调料,201104,其他酱油,20150102,201501,DW-2011040005,500ml,一般商品,瓶,1,8.9,8.9,否
90,22,休闲,2201,饼干,220103,威化,20150102,201501,DW-2201030051,192g,一般商品,盒,1,14.9,14.9,否
90,23,酒饮,2303,果汁饮料,230304,植物蛋白饮料,20150102,201501,DW-2303040062,450g,一般商品,瓶,1,5,5,否
87,12,蔬果,1201,蔬菜,120101,叶菜,20150102,201501,DW-1201010005,散称,生鲜,千克,0.23,1.33,5.8,否
87,12,蔬果,1201,蔬菜,120106,菌菇类,20150102,201501,DW-1201060002,散称,生鲜,千克,0.14,2.52,18,否
63,13,熟食,1308,现制中式面点,130803,现制烙类,20150102,201501,DW-1308030035,个,生鲜,个,4,4,1,否
121,20,粮油,2001,袋装速食面,200101,牛肉口味,20150102,201501,DW-2001010079,112g,一般商品,袋,1,2.5,2.5,否
110,34,针织,3432,鞋配件,343201,鞋垫,20150102,201501,DW-3432010123,230-270,一般商品,双,1,8,8,否
91,12,蔬果,1201,蔬菜,120101,叶菜,20150102,201501,DW-1201010020, ,生鲜,包,1,4.98,4.98,否
105,12,蔬果,1203,水果,120303,梨类,20150102,201501,DW-1203030155,散称,生鲜,KG,1.27,15.21,11.98,否
105,20,粮油,2001,袋装速食面,200101,牛肉口味,20150102,201501,DW-2001010006,101g,一般商品,袋,1,3,3,否
126,20,粮油,2006,五谷杂粮,200605,饺子粉,20150102,201501,DW-2006050001,2.5kg,一般商品,袋,1,19.9,19.9,否
56,20,粮油,2005,煮食面/粉,200502,杂粮挂面,20150102,201501,DW-2005020002,600g,一般商品,袋,2,13.8,6.9,否
106,22,休闲,2206,即食熟制品,220602,猪肉干,20150102,201501,DW-2206020013,50g,一般商品,袋,1,8.9,8.9,否
124,12,蔬果,1201,蔬菜,120102,根茎,20150102,201501,DW-1201020008,散称,生鲜,千克,0.304,1.76,5.8,否
12,20,粮油,2007,南北干货,200704,蔬菜,20150102,201501,DW-2007040026,散称,一般商品,kg,0.346,6.85,19.8,否
83,12,蔬果,1201,蔬菜,120104,花果,20150102,201501,DW-1201040008,散称,生鲜,千克,0.304,1.99,6.56,否
83,22,休闲,2207,糖果,220799,其他糖果,20150102,201501,DW-2207990065,5.5g,一般商品,袋,1,1,1,否
66,21,冲调,2104,冲饮品,210402,奶茶饮品,20150102,201501,DW-2104020024,80g,一般商品,杯,1,3,3,否
107,20,粮油,2003,桶杯装速食面,200301,牛肉口味,20150102,201501,DW-2003010065,114g,一般商品,桶,1,3.9,3.9,否
82,12,蔬果,1201,蔬菜,120101,叶菜,20150102,201501,DW-1201010029,散称,生鲜,千克,1.184,1.87,2.56,否
114,12,蔬果,1201,蔬菜,120104,花果,20150102,201501,DW-1201040026,散称,生鲜,千克,0.418,0.83,1.98,否
103,15,日配,1521,蛋类,152101,新鲜蛋品,20150102,201501,DW-1521010005,散称,一般商品,千克,1.756,11.91,6.78,否
64,12,蔬果,1203,水果,120307,蕉类,20150102,201501,DW-1203070022,散称,生鲜,KG,2.266,13.51,5.96,否
86,15,日配,1518,常温乳品,151803,利乐砖营养奶,20150102,201501,DW-1518030030,250ml*12,一般商品,提,1,59,76,是
63,12,蔬果,1201,蔬菜,120104,花果,20150102,201501,DW-1201040010,散称,生鲜,千克,0.781,2.01,2.58,否
119,20,粮油,2011,液体调料,201111,料酒,20150102,201501,DW-2011110012,500mL,一般商品,瓶,1,5.9,5.9,否
70,12,蔬果,1201,蔬菜,120101,叶菜,20150102,201501,DW-1201010004,散称,生鲜,千克,0.182,1.02,5.6,否
70,12,蔬果,1201,蔬菜,120102,根茎,20150102,201501,DW-1201020010,散称,生鲜,千克,0.454,1.73,3.8,否
74,20,粮油,2011,液体调料,201109,白醋,20150102,201501,DW-2011090007,500ml,一般商品,瓶,1,5.9,5.9,否
94,22,休闲,2201,饼干,220107,酥性,20150102,201501,DW-2201070017,80g,一般商品,袋,1,3.7,3.7,否
94,23,酒饮,2316,香烟,231601,国产省内香烟,20150102,201501,DW-2316010009,20支,一般商品,包,1,32,32,否
120,15,日配,1518,常温乳品,151813,利乐砖乳酸菌,20150102,201501,DW-1518130016,205g,一般商品,盒,12,49,5.5,是
3,22,休闲,2209,巧克力,220999,其他巧克力,20150102,201501,DW-2209990038,散称,一般商品,kg,0.172,6.5,37.8,否
77,22,休闲,2201,饼干,220199,其他饼干,20150102,201501,DW-2201990008,47g,一般商品,盒,1,5.5,5.5,否
90,15,日配,1512,冷冻汤圆,151299,其它汤圆,20150102,201501,DW-1512990014,800g,一般商品,袋,1,14.3,14.3,否
90,23,酒饮,2307,乳饮料,230703,纯味酸乳饮,20150102,201501,DW-2307030002,245ml,一般商品,听,1,4.9,4.9,否
96,30,洗化,3006,洗衣用品,300601,洗衣粉,20150102,201501,DW-3006010428,1.03kg,一般商品,袋,1,10.9,10.9,否
83,22,休闲,2209,巧克力,220905,黑/纯巧克力,20150102,201501,DW-2209050058,156g,一般商品,盒,1,19.9,19.9,否
87,22,休闲,2205,炒货,220514,西瓜子,20150102,201501,DW-2205140047,150g,一般商品,袋,1,8.5,8.5,否
95,20,粮油,2011,液体调料,201102,生抽酱油,20150102,201501,DW-2011020005,800ml,一般商品,桶,1,6.9,6.9,否
127,30,洗化,3018,卫生巾,301801,日用卫生巾,20150103,201501,DW-3018010139,10片,一般商品,包,1,7.9,7.9,否
128,12,蔬果,1201,蔬菜,120101,叶菜,20150103,201501,DW-1201010004,散称,生鲜,千克,0.305,2.07,5.6,否
129,12,蔬果,1201,蔬菜,120102,根茎,20150103,201501,DW-1201020017,散称,生鲜,千克,0.718,1.84,2.56,否
129,12,蔬果,1201,蔬菜,120106,菌菇类,20150103,201501,DW-1201060004,散称,生鲜,千克,0.176,2.96,16.8,否
130,13,熟食,1308,现制中式面点,130803,现制烙类,20150103,201501,DW-1308030035,个,生鲜,个,2,2,1,否
131,22,休闲,2201,饼干,220107,酥性,20150103,201501,DW-2201070035,108g,一般商品,袋,1,3.7,3.7,否
132,22,休闲,2210,果冻,221004,立袋可吸果冻,20150103,201501,DW-2210040036,350g,一般商品,袋,1,3.3,3.3,否
131,20,粮油,2002,袋装速食面组,200202,猪肉口味,20150103,201501,DW-2002020018,125g*5,一般商品,组,1,21.8,21.8,否
132,22,休闲,2205,炒货,220513,香瓜子,20150103,201501,DW-2205130006,260g,一般商品,袋,1,8.7,8.7,否
133,12,蔬果,1201,蔬菜,120104,花果,20150103,201501,DW-1201040035,散称,生鲜,千克,0.22,2.11,9.6,否
134,23,酒饮,2301,碳酸饮料,230101,可乐型,20150103,201501,DW-2301010017,600ml,一般商品,瓶,1,2.8,2.8,否
135,12,蔬果,1201,蔬菜,120104,花果,20150103,201501,DW-1201040010,散称,生鲜,千克,1.066,2.75,2.58,否
135,22,休闲,2203,膨化点心,220304,薯条,20150103,201501,DW-2203040019,45g,一般商品,袋,1,3.3,3.3,否
136,15,日配,1521,蛋类,152101,新鲜蛋品,20150103,201501,DW-1521010005,散称,一般商品,千克,0.816,5.53,6.78,否
61,22,休闲,2207,糖果,220799,其他糖果,20150103,201501,DW-2207990018,散称,一般商品,千克,0.084,5.96,71,否
131,23,酒饮,2302,纯果汁,230201,纯柳橙汁,20150103,201501,DW-2302010006,255ml,一般商品,瓶,1,4.7,4.7,否
137,12,蔬果,1202,加工豆类,120205,豆类料理,20150103,201501,DW-1202058118,250g,生鲜,袋,1,5.8,5.8,否
137,33,文体,3319,笔类,331906,记号笔,20150103,201501,DW-3319060017,3171,一般商品,支,1,3.3,3.3,否
138,12,蔬果,1203,水果,120307,蕉类,20150103,201501,DW-1203070022,散称,生鲜,KG,2.216,13.21,5.96,否
139,22,休闲,2203,膨化点心,220302,袋装薯片,20150103,201501,DW-2203020016,80g,一般商品,袋,1,5.9,5.9,否
139,22,休闲,2209,巧克力,220902,夹心巧克力,20150103,201501,DW-2209020003,80g,一般商品,袋,1,5.3,5.3,否
140,22,休闲,2201,饼干,220106,钙奶,20150103,201501,DW-2201060004,240g,一般商品,袋,1,3.9,3.9,否
141,10,肉禽,1001,猪肉,100101,鲜猪肉,20150103,201501,DW-1001010196,散称,生鲜,千克,0.682,18.96,27.8,否
132,22,休闲,2203,膨化点心,220302,袋装薯片,20150103,201501,DW-2203020009,40g,一般商品,袋,1,3.3,3.3,否
132,22,休闲,2203,膨化点心,220302,袋装薯片,20150103,201501,DW-2203020029,45g,一般商品,袋,1,4,4,否
132,23,酒饮,2314,进口酒,231404,预调酒,20150103,201501,DW-2314040004,4.8%275ml,联营商品,瓶,1,10.5,10.5,否
142,20,粮油,2011,液体调料,201107,滴醋,20150103,201501,DW-2011070010,480mL,一般商品,瓶,1,3.8,3.8,否
143,12,蔬果,1203,水果,120309,进口水果,20150103,201501,DW-1203090210,散称,生鲜,KG,0.446,7.85,17.6,否
138,12,蔬果,1203,水果,120302,苹果类,20150103,201501,DW-1203020172,散称,生鲜,KG,1.55,18.57,11.98,否
128,30,洗化,3016,纸制品,301606,手帕纸,20150103,201501,DW-3016060149,10包,一般商品,提,1,3,3,否
140,20,粮油,2008,调味料,200806,香辛料,20150103,201501,DW-2008060027,20g,一般商品,袋,1,2.7,2.7,否
144,12,蔬果,1203,水果,120307,蕉类,20150103,201501,DW-1203070023,散称,生鲜,KG,0.984,9.82,9.98,否
145,15,日配,1521,蛋类,152101,新鲜蛋品,20150103,201501,DW-1521010005,散称,一般商品,千克,0.742,5.03,6.78,否
134,22,休闲,2207,糖果,220799,其他糖果,20150103,201501,DW-2207990034,30g,一般商品,瓶,1,4.5,4.5,否
141,10,肉禽,1004,鸡产品,100402,分割鸡件,20150103,201501,DW-1004020001,散称,生鲜,千克,0.254,9.09,35.8,否
146,22,休闲,2203,膨化点心,220303,罐装薯片,20150103,201501,DW-2203030074,105g,一般商品,罐,1,8.3,8.3,否
147,22,休闲,2211,进口食品,221101,进口休闲食品,20150103,201501,DW-2211011560,170g,联营商品,瓶,3,59.7,19.9,否
127,30,洗化,3018,卫生巾,301802,夜用卫生巾,20150103,201501,DW-3018020104,10片,一般商品,包,1,7.9,9.9,是
148,30,洗化,3016,纸制品,301603,无芯纸,20150103,201501,DW-3016030007,10卷,一般商品,提,1,12.9,14.5,是
131,22,休闲,2201,饼干,220108,粗粮/蔬菜,20150103,201501,DW-2201080018,108g,一般商品,袋,1,3.7,3.7,否
132,15,日配,1505,冷藏乳品,150504,冷藏乳酸菌,20150103,201501,DW-1505040017,100ml*5,一般商品,组,1,11.5,11.5,否
132,22,休闲,2206,即食熟制品,220607,豆干类,20150103,201501,DW-2206070071,45g,一般商品,袋,1,2.5,2.5,否
115,31,家居,3118,打扫用品,311816,杂物筒,20150103,201501,DW-3118160011,1099,一般商品,个,1,4.5,4.5,否
17,22,休闲,2201,饼干,220110,简装/压缩,20150103,201501,DW-2201100015,散称,一般商品,KG,0.178,2.45,19.8,是
140,12,蔬果,1201,蔬菜,120104,花果,20150103,201501,DW-1201040010,散称,生鲜,千克,0.674,1.74,2.58,否
140,13,熟食,1308,现制中式面点,130801,现制蒸类,20150103,201501,DW-1308010191,散称,生鲜,千克,0.41,2.46,6,否
140,22,休闲,2201,饼干,220106,钙奶,20150103,201501,DW-2201060002,225g,一般商品,袋,1,4.7,4.7,否
134,22,休闲,2203,膨化点心,220399,其他膨化点心,20150103,201501,DW-2203990005,50g,一般商品,袋,1,2.7,2.7,否
149,30,洗化,3016,纸制品,301603,无芯纸,20150103,201501,DW-3016030007,10卷,一般商品,提,1,12.9,14.5,是
150,13,熟食,1308,现制中式面点,130803,现制烙类,20150103,201501,DW-1308030035,个,生鲜,个,2,2,1,否
151,12,蔬果,1201,蔬菜,120107,有机蔬菜,20150103,201501,DW-1201070001,散称,生鲜,KG,0.908,4.54,5,否
151,20,粮油,2008,调味料,200803,鸡精,20150103,201501,DW-2008030004,200g,一般商品,袋,1,8.5,8.5,否
152,12,蔬果,1201,蔬菜,120106,菌菇类,20150103,201501,DW-1201060002,散称,生鲜,千克,0.198,3.56,18,否
139,12,蔬果,1203,水果,120301,柑桔柚类,20150103,201501,DW-1203010212,散称,生鲜,KG,1.074,7.5,6.98,否
140,20,粮油,2013,调味酱,201306,甜面/豆瓣酱,20150103,201501,DW-2013060013,400g,一般商品,袋,1,3.7,3.7,否
137,12,蔬果,1201,蔬菜,120107,有机蔬菜,20150103,201501,DW-1201070001,散称,生鲜,KG,0.71,3.55,5,否
153,15,日配,1510,冷冻水饺,151099,其它水饺,20150103,201501,DW-1510990001,500g,一般商品,袋,1,7.9,10.3,是
153,15,日配,1513,冷冻包子馒头,151302,咸馅包子,20150103,201501,DW-1513020022,720g,一般商品,袋,1,19.3,19.3,否
154,22,休闲,2201,饼干,220106,钙奶,20150103,201501,DW-2201060006,225g,一般商品,袋,1,3.7,3.7,否
155,30,洗化,3016,纸制品,301608,软抽纸巾,20150103,201501,DW-3016080114,200抽*3,一般商品,提,1,6.9,9.7,是
156,30,洗化,3016,纸制品,301603,无芯纸,20150103,201501,DW-3016030007,10卷,一般商品,提,1,12.9,14.5,是
151,20,粮油,2009,盐/糖,200907,功能糖,20150103,201501,DW-2009070023,350g,一般商品,袋,1,9.9,9.9,否
130,12,蔬果,1201,蔬菜,120101,叶菜,20150103,201501,DW-1201010029,散称,生鲜,千克,2.962,7.58,2.56,否
156,23,酒饮,2301,碳酸饮料,230102,原味型,20150103,201501,DW-2301020010,2.5L,一般商品,瓶,1,6.9,6.9,否
144,12,蔬果,1201,蔬菜,120102,根茎,20150103,201501,DW-1201020017,散称,生鲜,千克,0.658,1.68,2.56,否
154,12,蔬果,1201,蔬菜,120104,花果,20150103,201501,DW-1201040010,散称,生鲜,千克,0.786,2.03,2.58,否
151,20,粮油,2014,酱菜类,201404,蔬菜,20150103,201501,DW-2014040100,266g,一般商品,瓶,1,8.2,8.2,否
131,23,酒饮,2302,纯果汁,230203,纯苹果汁,20150103,201501,DW-2302030004,255ml,一般商品,瓶,1,5.7,5.7,否
146,22,休闲,2203,膨化点心,220302,袋装薯片,20150103,201501,DW-2203020281,45g,一般商品,袋,1,3.7,3.7,否
132,30,洗化,3007,洗浴用品,300702,功能性香皂,20150103,201501,DW-3007020009,85g,一般商品,块,1,1.9,1.9,否
133,15,日配,1521,蛋类,152101,新鲜蛋品,20150103,201501,DW-1521010005,散称,一般商品,千克,0.804,5.45,6.78,否
157,10,肉禽,1004,鸡产品,100402,分割鸡件,20150103,201501,DW-1004020003,散称,生鲜,千克,0.368,6.48,17.6,否
158,20,粮油,2013,调味酱,201306,甜面/豆瓣酱,20150103,201501,DW-2013060013,400g,一般商品,袋,1,3.7,3.7,否
12,10,肉禽,1001,猪肉,100104,猪骨,20150103,201501,DW-1001040135,散称,生鲜,千克,1.184,30.31,25.6,否
159,12,蔬果,1203,水果,120303,梨类,20150103,201501,DW-1203030177,散称,生鲜,KG,1.696,5.39,3.18,否
134,22,休闲,2201,饼干,220111,趣味/休闲,20150103,201501,DW-2201110061,33g,一般商品,盒,1,4.5,4.5,否
160,20,粮油,2006,五谷杂粮,200602,袋装白米,20150103,201501,DW-2006020105,10kg,一般商品,袋,1,41.9,49.9,是
151,20,粮油,2014,酱菜类,201405,腐乳,20150103,201501,DW-2014050016,295g,一般商品,瓶,1,7.9,7.9,否
137,22,休闲,2203,膨化点心,220302,袋装薯片,20150103,201501,DW-2203020257,51g,一般商品,袋,1,2.5,2.5,否
87,20,粮油,2011,液体调料,201111,料酒,20150103,201501,DW-2011110012,500mL,一般商品,瓶,1,5.9,5.9,否
151,30,洗化,3016,纸制品,301606,手帕纸,20150103,201501,DW-3016060140,6包,一般商品,包,1,2.9,2.9,否
154,12,蔬果,1201,蔬菜,120104,花果,20150103,201501,DW-1201040035,散称,生鲜,千克,0.228,2.19,9.6,否
154,12,蔬果,1201,蔬菜,120106,菌菇类,20150103,201501,DW-1201060010,散称,生鲜,千克,0.34,3.06,9,否
161,22,休闲,2212,无糖食品,221202,无糖休闲食品,20150103,201501,DW-2212020340,250g,一般商品,袋,1,20,20,否
162,22,休闲,2211,进口食品,221101,进口休闲食品,20150103,201501,DW-2211011598,112g,联营商品,袋,1,12,12,否
162,30,洗化,3018,卫生巾,301802,夜用卫生巾,20150103,201501,DW-3018020272,10片,一般商品,包,1,6.7,6.7,否
131,23,酒饮,2303,果汁饮料,230304,植物蛋白饮料,20150103,201501,DW-2303040047,180ml,一般商品,瓶,20,70,3.5,否
133,12,蔬果,1201,蔬菜,120101,叶菜,20150103,201501,DW-1201010005,散称,生鲜,千克,0.372,2.16,5.8,否
140,12,蔬果,1201,蔬菜,120102,根茎,20150103,201501,DW-1201020017,散称,生鲜,千克,1.168,2.99,2.56,否
163,15,日配,1501,冷藏肉制品,150101,香肠类,20150103,201501,DW-1501010130,240g,一般商品,袋,1,11.5,16.5,是
17,12,蔬果,1201,蔬菜,120102,根茎,20150103,201501,DW-1201020017,散称,生鲜,千克,1.327,3.4,2.56,否
17,22,休闲,2202,糕点,220208,散称糕点,20150103,201501,DW-2202080014,散称,一般商品,KG,0.21,3.3,23.8,是
164,15,日配,1511,冷冻馄饨,151199,其它馄饨,20150103,201501,DW-1511990002,260g,一般商品,袋,1,7.3,7.3,否
165,12,蔬果,1203,水果,120309,进口水果,20150103,201501,DW-1203090210,散称,生鲜,KG,1.206,21.23,17.6,否
151,12,蔬果,1201,蔬菜,120101,叶菜,20150103,201501,DW-1201010029,散称,生鲜,千克,1.732,4.43,2.56,否
151,30,洗化,3018,卫生巾,301802,夜用卫生巾,20150103,201501,DW-3018020277,4片,一般商品,包,1,5.6,6.3,是
166,22,休闲,2207,糖果,220709,玩具糖,20150103,201501,DW-2207090093,12g,一般商品,盒,1,1,1,否
167,15,日配,1517,常温肉制品,151701,猪肉火腿肠,20150103,201501,DW-1517010003,60g*10,一般商品,袋,1,13.9,16.3,是
87,20,粮油,2011,液体调料,201105,香醋,20150103,201501,DW-2011050004,500ml,一般商品,瓶,1,6.7,6.7,否
154,22,休闲,2206,即食熟制品,220607,豆干类,20150103,201501,DW-2206070072,散称,一般商品,千克,0.638,37.64,59,否
158,20,粮油,2014,酱菜类,201405,腐乳,20150103,201501,DW-2014050037,335g,一般商品,瓶,1,6.5,6.7,否
168,15,日配,1517,常温肉制品,151701,猪肉火腿肠,20150103,201501,DW-1517010003,60g*10,一般商品,袋,1,13.9,16.3,是
169,15,日配,1521,蛋类,152101,新鲜蛋品,20150103,201501,DW-1521010005,散称,一般商品,千克,1.868,12.67,6.78,否
127,12,蔬果,1201,蔬菜,120101,叶菜,20150103,201501,DW-1201010004,散称,生鲜,千克,0.538,3.01,5.6,否
128,12,蔬果,1201,蔬菜,120109,其它蔬菜,20150103,201501,DW-1201090032,散称,生鲜,千克,0.318,2.07,7.96,否
128,30,洗化,3006,洗衣用品,300601,洗衣粉,20150103,201501,DW-3006010311,455g,一般商品,袋,1,4.9,4.9,否
129,13,熟食,1302,卤制熟食,130201,卤制畜类,20150103,201501,DW-1302010078,散称,联营商品,kg,0.142,12.78,90,否
